[    2754ms] [INFO] %cDownload the React DevTools for a better development experience: https://reactjs.org/link/react-devtools font-weight:bold @ webpack-internal:///(app-pages-browser)/./node_modules/.pnpm/next@14.2.5_@babel+core@7.23.2_react-dom@18.2.0_react@18.2.0__react@18.2.0/node_modules/next/dist/compiled/react-dom/cjs/react-dom.development.js:38559
[   16910ms] [INFO] %cDownload the React DevTools for a better development experience: https://reactjs.org/link/react-devtools font-weight:bold @ webpack-internal:///(app-pages-browser)/./node_modules/.pnpm/next@14.2.5_@babel+core@7.23.2_react-dom@18.2.0_react@18.2.0__react@18.2.0/node_modules/next/dist/compiled/react-dom/cjs/react-dom.development.js:38559
[   17007ms] [WARNING] Image with src "/VOICESLOGO_LIGHTBOX.png" was detected as the Largest Contentful Paint (LCP). Please add the "priority" property if this image is above the fold.
Read more: https://nextjs.org/docs/api-reference/next/image#priority @ webpack-internal:///(app-pages-browser)/./node_modules/.pnpm/next@14.2.5_@babel+core@7.23.2_react-dom@18.2.0_react@18.2.0__react@18.2.0/node_modules/next/dist/shared/lib/utils/warn-once.js:15
[   45031ms] [ERROR] Failed to load resource: net::ERR_CONNECTION_REFUSED @ http://localhost:3001/_next/image?url=https%3A%2F%2Fthumbnailer.mixcloud.com%2Funsafe%2F2048x2048%2Fextaudio%2F0%2F8%2Ff%2Fb%2Fac8c-efa7-4b20-b2a7-9659390dbc2e&w=384&q=100:0
[   52031ms] [ERROR] Failed to load resource: net::ERR_CONNECTION_REFUSED @ http://localhost:3001/_next/image?url=https%3A%2F%2Fi1.sndcdn.com%2Fartworks-L89EZ1kH6b58dMC7-IMsphg-t3000x3000.jpg&w=384&q=100:0
[   59030ms] [ERROR] Failed to load resource: net::ERR_CONNECTION_REFUSED @ http://localhost:3001/_next/image?url=https%3A%2F%2Fi1.sndcdn.com%2Fartworks-qFZhLVUnA5GYVvMC-xNMGQw-t3000x3000.jpg&w=384&q=100:0
[   66032ms] [ERROR] Failed to load resource: net::ERR_CONNECTION_REFUSED @ http://localhost:3001/_next/image?url=https%3A%2F%2Fi1.sndcdn.com%2Fartworks-oZ6GLPgzyfBIqD0v-NBE9rQ-t3000x3000.jpg&w=384&q=100:0
[   80030ms] [ERROR] Failed to load resource: net::ERR_CONNECTION_REFUSED @ http://localhost:3001/_next/image?url=https%3A%2F%2Fi1.sndcdn.com%2Fartworks-SomEWSX1kvFgw4LV-XH4zaQ-t3000x3000.jpg&w=384&q=100:0
[  101032ms] [ERROR] Failed to load resource: net::ERR_CONNECTION_REFUSED @ http://localhost:3001/_next/image?url=https%3A%2F%2Fthumbnailer.mixcloud.com%2Funsafe%2F2048x2048%2Fextaudio%2F0%2F8%2Ff%2Fb%2Fac8c-efa7-4b20-b2a7-9659390dbc2e&w=384&q=100:0
[  108030ms] [ERROR] Failed to load resource: net::ERR_CONNECTION_REFUSED @ http://localhost:3001/_next/image?url=https%3A%2F%2Fi1.sndcdn.com%2Fartworks-L89EZ1kH6b58dMC7-IMsphg-t3000x3000.jpg&w=384&q=100:0
[  115031ms] [ERROR] Failed to load resource: net::ERR_CONNECTION_REFUSED @ http://localhost:3001/_next/image?url=https%3A%2F%2Fi1.sndcdn.com%2Fartworks-qFZhLVUnA5GYVvMC-xNMGQw-t3000x3000.jpg&w=384&q=100:0
[  122030ms] [ERROR] Failed to load resource: net::ERR_CONNECTION_REFUSED @ http://localhost:3001/_next/image?url=https%3A%2F%2Fi1.sndcdn.com%2Fartworks-oZ6GLPgzyfBIqD0v-NBE9rQ-t3000x3000.jpg&w=384&q=100:0
[  136030ms] [ERROR] Failed to load resource: net::ERR_CONNECTION_REFUSED @ http://localhost:3001/_next/image?url=https%3A%2F%2Fi1.sndcdn.com%2Fartworks-SomEWSX1kvFgw4LV-XH4zaQ-t3000x3000.jpg&w=384&q=100:0
[  157031ms] [ERROR] Failed to load resource: net::ERR_CONNECTION_REFUSED @ http://localhost:3001/_next/image?url=https%3A%2F%2Fthumbnailer.mixcloud.com%2Funsafe%2F2048x2048%2Fextaudio%2F0%2F8%2Ff%2Fb%2Fac8c-efa7-4b20-b2a7-9659390dbc2e&w=384&q=100:0
[  164030ms] [ERROR] Failed to load resource: net::ERR_CONNECTION_REFUSED @ http://localhost:3001/_next/image?url=https%3A%2F%2Fi1.sndcdn.com%2Fartworks-L89EZ1kH6b58dMC7-IMsphg-t3000x3000.jpg&w=384&q=100:0
[  171032ms] [ERROR] Failed to load resource: net::ERR_CONNECTION_REFUSED @ http://localhost:3001/_next/image?url=https%3A%2F%2Fi1.sndcdn.com%2Fartworks-qFZhLVUnA5GYVvMC-xNMGQw-t3000x3000.jpg&w=384&q=100:0
[  178032ms] [ERROR] Failed to load resource: net::ERR_CONNECTION_REFUSED @ http://localhost:3001/_next/image?url=https%3A%2F%2Fi1.sndcdn.com%2Fartworks-oZ6GLPgzyfBIqD0v-NBE9rQ-t3000x3000.jpg&w=384&q=100:0
[  192031ms] [ERROR] Failed to load resource: net::ERR_CONNECTION_REFUSED @ http://localhost:3001/_next/image?url=https%3A%2F%2Fi1.sndcdn.com%2Fartworks-SomEWSX1kvFgw4LV-XH4zaQ-t3000x3000.jpg&w=384&q=100:0
[  213031ms] [ERROR] Failed to load resource: net::ERR_CONNECTION_REFUSED @ http://localhost:3001/_next/image?url=https%3A%2F%2Fthumbnailer.mixcloud.com%2Funsafe%2F2048x2048%2Fextaudio%2F0%2F8%2Ff%2Fb%2Fac8c-efa7-4b20-b2a7-9659390dbc2e&w=384&q=100:0
[  220031ms] [ERROR] Failed to load resource: net::ERR_CONNECTION_REFUSED @ http://localhost:3001/_next/image?url=https%3A%2F%2Fi1.sndcdn.com%2Fartworks-L89EZ1kH6b58dMC7-IMsphg-t3000x3000.jpg&w=384&q=100:0
[  227032ms] [ERROR] Failed to load resource: net::ERR_CONNECTION_REFUSED @ http://localhost:3001/_next/image?url=https%3A%2F%2Fi1.sndcdn.com%2Fartworks-qFZhLVUnA5GYVvMC-xNMGQw-t3000x3000.jpg&w=384&q=100:0
[  234030ms] [ERROR] Failed to load resource: net::ERR_CONNECTION_REFUSED @ http://localhost:3001/_next/image?url=https%3A%2F%2Fi1.sndcdn.com%2Fartworks-oZ6GLPgzyfBIqD0v-NBE9rQ-t3000x3000.jpg&w=384&q=100:0
[  248030ms] [ERROR] Failed to load resource: net::ERR_CONNECTION_REFUSED @ http://localhost:3001/_next/image?url=https%3A%2F%2Fi1.sndcdn.com%2Fartworks-SomEWSX1kvFgw4LV-XH4zaQ-t3000x3000.jpg&w=384&q=100:0
[  255030ms] [ERROR] Failed to load resource: net::ERR_CONNECTION_REFUSED @ http://localhost:3001/_next/image?url=https%3A%2F%2Fthumbnailer.mixcloud.com%2Funsafe%2F2048x2048%2Fextaudio%2F8%2F6%2F0%2Fc%2F15fa-f023-4b03-bf3e-3c65db7742c0&w=384&q=100:0
[  269029ms] [ERROR] Failed to load resource: net::ERR_CONNECTION_REFUSED @ http://localhost:3001/_next/image?url=https%3A%2F%2Fthumbnailer.mixcloud.com%2Funsafe%2F2048x2048%2Fextaudio%2F0%2F8%2Ff%2Fb%2Fac8c-efa7-4b20-b2a7-9659390dbc2e&w=384&q=100:0
[  276030ms] [ERROR] Failed to load resource: net::ERR_CONNECTION_REFUSED @ http://localhost:3001/_next/image?url=https%3A%2F%2Fi1.sndcdn.com%2Fartworks-L89EZ1kH6b58dMC7-IMsphg-t3000x3000.jpg&w=384&q=100:0
[  283030ms] [ERROR] Failed to load resource: net::ERR_CONNECTION_REFUSED @ http://localhost:3001/_next/image?url=https%3A%2F%2Fi1.sndcdn.com%2Fartworks-qFZhLVUnA5GYVvMC-xNMGQw-t3000x3000.jpg&w=384&q=100:0
[  290029ms] [ERROR] Failed to load resource: net::ERR_CONNECTION_REFUSED @ http://localhost:3001/_next/image?url=https%3A%2F%2Fi1.sndcdn.com%2Fartworks-oZ6GLPgzyfBIqD0v-NBE9rQ-t3000x3000.jpg&w=384&q=100:0
[  304035ms] [ERROR] Failed to load resource: net::ERR_CONNECTION_REFUSED @ http://localhost:3001/_next/image?url=https%3A%2F%2Fi1.sndcdn.com%2Fartworks-SomEWSX1kvFgw4LV-XH4zaQ-t3000x3000.jpg&w=384&q=100:0
[  311035ms] [ERROR] Failed to load resource: net::ERR_CONNECTION_REFUSED @ http://localhost:3001/_next/image?url=https%3A%2F%2Fthumbnailer.mixcloud.com%2Funsafe%2F2048x2048%2Fextaudio%2F8%2F6%2F0%2Fc%2F15fa-f023-4b03-bf3e-3c65db7742c0&w=384&q=100:0
[  325025ms] [ERROR] Failed to load resource: net::ERR_CONNECTION_REFUSED @ http://localhost:3001/_next/image?url=https%3A%2F%2Fthumbnailer.mixcloud.com%2Funsafe%2F2048x2048%2Fextaudio%2F0%2F8%2Ff%2Fb%2Fac8c-efa7-4b20-b2a7-9659390dbc2e&w=384&q=100:0
[  332036ms] [ERROR] Failed to load resource: net::ERR_CONNECTION_REFUSED @ http://localhost:3001/_next/image?url=https%3A%2F%2Fi1.sndcdn.com%2Fartworks-L89EZ1kH6b58dMC7-IMsphg-t3000x3000.jpg&w=384&q=100:0
[  339027ms] [ERROR] Failed to load resource: net::ERR_CONNECTION_REFUSED @ http://localhost:3001/_next/image?url=https%3A%2F%2Fi1.sndcdn.com%2Fartworks-qFZhLVUnA5GYVvMC-xNMGQw-t3000x3000.jpg&w=384&q=100:0
[  346031ms] [ERROR] Failed to load resource: net::ERR_CONNECTION_REFUSED @ http://localhost:3001/_next/image?url=https%3A%2F%2Fi1.sndcdn.com%2Fartworks-oZ6GLPgzyfBIqD0v-NBE9rQ-t3000x3000.jpg&w=384&q=100:0
[  360031ms] [ERROR] Failed to load resource: net::ERR_CONNECTION_REFUSED @ http://localhost:3001/_next/image?url=https%3A%2F%2Fi1.sndcdn.com%2Fartworks-SomEWSX1kvFgw4LV-XH4zaQ-t3000x3000.jpg&w=384&q=100:0
[  367031ms] [ERROR] Failed to load resource: net::ERR_CONNECTION_REFUSED @ http://localhost:3001/_next/image?url=https%3A%2F%2Fthumbnailer.mixcloud.com%2Funsafe%2F2048x2048%2Fextaudio%2F8%2F6%2F0%2Fc%2F15fa-f023-4b03-bf3e-3c65db7742c0&w=384&q=100:0
[  381031ms] [ERROR] Failed to load resource: net::ERR_CONNECTION_REFUSED @ http://localhost:3001/_next/image?url=https%3A%2F%2Fthumbnailer.mixcloud.com%2Funsafe%2F2048x2048%2Fextaudio%2F0%2F8%2Ff%2Fb%2Fac8c-efa7-4b20-b2a7-9659390dbc2e&w=384&q=100:0
[  388031ms] [ERROR] Failed to load resource: net::ERR_CONNECTION_REFUSED @ http://localhost:3001/_next/image?url=https%3A%2F%2Fi1.sndcdn.com%2Fartworks-L89EZ1kH6b58dMC7-IMsphg-t3000x3000.jpg&w=384&q=100:0
[  395027ms] [ERROR] Failed to load resource: net::ERR_CONNECTION_REFUSED @ http://localhost:3001/_next/image?url=https%3A%2F%2Fi1.sndcdn.com%2Fartworks-qFZhLVUnA5GYVvMC-xNMGQw-t3000x3000.jpg&w=384&q=100:0
[  402024ms] [ERROR] Failed to load resource: net::ERR_CONNECTION_REFUSED @ http://localhost:3001/_next/image?url=https%3A%2F%2Fi1.sndcdn.com%2Fartworks-oZ6GLPgzyfBIqD0v-NBE9rQ-t3000x3000.jpg&w=384&q=100:0
[  416035ms] [ERROR] Failed to load resource: net::ERR_CONNECTION_REFUSED @ http://localhost:3001/_next/image?url=https%3A%2F%2Fi1.sndcdn.com%2Fartworks-SomEWSX1kvFgw4LV-XH4zaQ-t3000x3000.jpg&w=384&q=100:0
[  423024ms] [ERROR] Failed to load resource: net::ERR_CONNECTION_REFUSED @ http://localhost:3001/_next/image?url=https%3A%2F%2Fthumbnailer.mixcloud.com%2Funsafe%2F2048x2048%2Fextaudio%2F8%2F6%2F0%2Fc%2F15fa-f023-4b03-bf3e-3c65db7742c0&w=384&q=100:0
[  437024ms] [ERROR] Failed to load resource: net::ERR_CONNECTION_REFUSED @ http://localhost:3001/_next/image?url=https%3A%2F%2Fthumbnailer.mixcloud.com%2Funsafe%2F2048x2048%2Fextaudio%2F0%2F8%2Ff%2Fb%2Fac8c-efa7-4b20-b2a7-9659390dbc2e&w=384&q=100:0
[  444034ms] [ERROR] Failed to load resource: net::ERR_CONNECTION_REFUSED @ http://localhost:3001/_next/image?url=https%3A%2F%2Fi1.sndcdn.com%2Fartworks-L89EZ1kH6b58dMC7-IMsphg-t3000x3000.jpg&w=384&q=100:0
[  451027ms] [ERROR] Failed to load resource: net::ERR_CONNECTION_REFUSED @ http://localhost:3001/_next/image?url=https%3A%2F%2Fi1.sndcdn.com%2Fartworks-qFZhLVUnA5GYVvMC-xNMGQw-t3000x3000.jpg&w=384&q=100:0
[  458034ms] [ERROR] Failed to load resource: net::ERR_CONNECTION_REFUSED @ http://localhost:3001/_next/image?url=https%3A%2F%2Fi1.sndcdn.com%2Fartworks-oZ6GLPgzyfBIqD0v-NBE9rQ-t3000x3000.jpg&w=384&q=100:0
[  472034ms] [ERROR] Failed to load resource: net::ERR_CONNECTION_REFUSED @ http://localhost:3001/_next/image?url=https%3A%2F%2Fi1.sndcdn.com%2Fartworks-SomEWSX1kvFgw4LV-XH4zaQ-t3000x3000.jpg&w=384&q=100:0
[  479026ms] [ERROR] Failed to load resource: net::ERR_CONNECTION_REFUSED @ http://localhost:3001/_next/image?url=https%3A%2F%2Fthumbnailer.mixcloud.com%2Funsafe%2F2048x2048%2Fextaudio%2F8%2F6%2F0%2Fc%2F15fa-f023-4b03-bf3e-3c65db7742c0&w=384&q=100:0
[  486035ms] [ERROR] Failed to load resource: net::ERR_CONNECTION_REFUSED @ http://localhost:3001/_next/image?url=https%3A%2F%2Fi1.sndcdn.com%2Fartworks-1ho65iks3fsaazXs-yWRYAw-t3000x3000.jpg&w=384&q=100:0
[  493024ms] [ERROR] Failed to load resource: net::ERR_CONNECTION_REFUSED @ http://localhost:3001/_next/image?url=https%3A%2F%2Fthumbnailer.mixcloud.com%2Funsafe%2F2048x2048%2Fextaudio%2F0%2F8%2Ff%2Fb%2Fac8c-efa7-4b20-b2a7-9659390dbc2e&w=384&q=100:0
[  500035ms] [ERROR] Failed to load resource: net::ERR_CONNECTION_REFUSED @ http://localhost:3001/_next/image?url=https%3A%2F%2Fi1.sndcdn.com%2Fartworks-L89EZ1kH6b58dMC7-IMsphg-t3000x3000.jpg&w=384&q=100:0
[  507034ms] [ERROR] Failed to load resource: net::ERR_CONNECTION_REFUSED @ http://localhost:3001/_next/image?url=https%3A%2F%2Fi1.sndcdn.com%2Fartworks-qFZhLVUnA5GYVvMC-xNMGQw-t3000x3000.jpg&w=384&q=100:0
[  514030ms] [ERROR] Failed to load resource: net::ERR_CONNECTION_REFUSED @ http://localhost:3001/_next/image?url=https%3A%2F%2Fi1.sndcdn.com%2Fartworks-oZ6GLPgzyfBIqD0v-NBE9rQ-t3000x3000.jpg&w=384&q=100:0
[  528036ms] [ERROR] Failed to load resource: net::ERR_CONNECTION_REFUSED @ http://localhost:3001/_next/image?url=https%3A%2F%2Fi1.sndcdn.com%2Fartworks-SomEWSX1kvFgw4LV-XH4zaQ-t3000x3000.jpg&w=384&q=100:0
[  535024ms] [ERROR] Failed to load resource: net::ERR_CONNECTION_REFUSED @ http://localhost:3001/_next/image?url=https%3A%2F%2Fthumbnailer.mixcloud.com%2Funsafe%2F2048x2048%2Fextaudio%2F8%2F6%2F0%2Fc%2F15fa-f023-4b03-bf3e-3c65db7742c0&w=384&q=100:0
[  542035ms] [ERROR] Failed to load resource: net::ERR_CONNECTION_REFUSED @ http://localhost:3001/_next/image?url=https%3A%2F%2Fi1.sndcdn.com%2Fartworks-1ho65iks3fsaazXs-yWRYAw-t3000x3000.jpg&w=384&q=100:0
[  549036ms] [ERROR] Failed to load resource: net::ERR_CONNECTION_REFUSED @ http://localhost:3001/_next/image?url=https%3A%2F%2Fthumbnailer.mixcloud.com%2Funsafe%2F2048x2048%2Fextaudio%2F0%2F8%2Ff%2Fb%2Fac8c-efa7-4b20-b2a7-9659390dbc2e&w=384&q=100:0
[  556024ms] [ERROR] Failed to load resource: net::ERR_CONNECTION_REFUSED @ http://localhost:3001/_next/image?url=https%3A%2F%2Fi1.sndcdn.com%2Fartworks-L89EZ1kH6b58dMC7-IMsphg-t3000x3000.jpg&w=384&q=100:0
[  563029ms] [ERROR] Failed to load resource: net::ERR_CONNECTION_REFUSED @ http://localhost:3001/_next/image?url=https%3A%2F%2Fi1.sndcdn.com%2Fartworks-qFZhLVUnA5GYVvMC-xNMGQw-t3000x3000.jpg&w=384&q=100:0
[  570029ms] [ERROR] Failed to load resource: net::ERR_CONNECTION_REFUSED @ http://localhost:3001/_next/image?url=https%3A%2F%2Fi1.sndcdn.com%2Fartworks-oZ6GLPgzyfBIqD0v-NBE9rQ-t3000x3000.jpg&w=384&q=100:0
[  584029ms] [ERROR] Failed to load resource: net::ERR_CONNECTION_REFUSED @ http://localhost:3001/_next/image?url=https%3A%2F%2Fi1.sndcdn.com%2Fartworks-SomEWSX1kvFgw4LV-XH4zaQ-t3000x3000.jpg&w=384&q=100:0
[  591024ms] [ERROR] Failed to load resource: net::ERR_CONNECTION_REFUSED @ http://localhost:3001/_next/image?url=https%3A%2F%2Fthumbnailer.mixcloud.com%2Funsafe%2F2048x2048%2Fextaudio%2F8%2F6%2F0%2Fc%2F15fa-f023-4b03-bf3e-3c65db7742c0&w=384&q=100:0
[  598034ms] [ERROR] Failed to load resource: net::ERR_CONNECTION_REFUSED @ http://localhost:3001/_next/image?url=https%3A%2F%2Fi1.sndcdn.com%2Fartworks-1ho65iks3fsaazXs-yWRYAw-t3000x3000.jpg&w=384&q=100:0
[  605035ms] [ERROR] Failed to load resource: net::ERR_CONNECTION_REFUSED @ http://localhost:3001/_next/image?url=https%3A%2F%2Fthumbnailer.mixcloud.com%2Funsafe%2F2048x2048%2Fextaudio%2F0%2F8%2Ff%2Fb%2Fac8c-efa7-4b20-b2a7-9659390dbc2e&w=384&q=100:0
[  612034ms] [ERROR] Failed to load resource: net::ERR_CONNECTION_REFUSED @ http://localhost:3001/_next/image?url=https%3A%2F%2Fi1.sndcdn.com%2Fartworks-L89EZ1kH6b58dMC7-IMsphg-t3000x3000.jpg&w=384&q=100:0
[  619034ms] [ERROR] Failed to load resource: net::ERR_CONNECTION_REFUSED @ http://localhost:3001/_next/image?url=https%3A%2F%2Fi1.sndcdn.com%2Fartworks-qFZhLVUnA5GYVvMC-xNMGQw-t3000x3000.jpg&w=384&q=100:0
[  626026ms] [ERROR] Failed to load resource: net::ERR_CONNECTION_REFUSED @ http://localhost:3001/_next/image?url=https%3A%2F%2Fi1.sndcdn.com%2Fartworks-oZ6GLPgzyfBIqD0v-NBE9rQ-t3000x3000.jpg&w=384&q=100:0
[  640035ms] [ERROR] Failed to load resource: net::ERR_CONNECTION_REFUSED @ http://localhost:3001/_next/image?url=https%3A%2F%2Fi1.sndcdn.com%2Fartworks-SomEWSX1kvFgw4LV-XH4zaQ-t3000x3000.jpg&w=384&q=100:0
[  647030ms] [ERROR] Failed to load resource: net::ERR_CONNECTION_REFUSED @ http://localhost:3001/_next/image?url=https%3A%2F%2Fthumbnailer.mixcloud.com%2Funsafe%2F2048x2048%2Fextaudio%2F8%2F6%2F0%2Fc%2F15fa-f023-4b03-bf3e-3c65db7742c0&w=384&q=100:0
[  654031ms] [ERROR] Failed to load resource: net::ERR_CONNECTION_REFUSED @ http://localhost:3001/_next/image?url=https%3A%2F%2Fi1.sndcdn.com%2Fartworks-1ho65iks3fsaazXs-yWRYAw-t3000x3000.jpg&w=384&q=100:0
[  661031ms] [ERROR] Failed to load resource: net::ERR_CONNECTION_REFUSED @ http://localhost:3001/_next/image?url=https%3A%2F%2Fthumbnailer.mixcloud.com%2Funsafe%2F2048x2048%2Fextaudio%2F0%2F8%2Ff%2Fb%2Fac8c-efa7-4b20-b2a7-9659390dbc2e&w=384&q=100:0
[  668031ms] [ERROR] Failed to load resource: net::ERR_CONNECTION_REFUSED @ http://localhost:3001/_next/image?url=https%3A%2F%2Fi1.sndcdn.com%2Fartworks-L89EZ1kH6b58dMC7-IMsphg-t3000x3000.jpg&w=384&q=100:0
[  675030ms] [ERROR] Failed to load resource: net::ERR_CONNECTION_REFUSED @ http://localhost:3001/_next/image?url=https%3A%2F%2Fi1.sndcdn.com%2Fartworks-qFZhLVUnA5GYVvMC-xNMGQw-t3000x3000.jpg&w=384&q=100:0
[  682035ms] [ERROR] Failed to load resource: net::ERR_CONNECTION_REFUSED @ http://localhost:3001/_next/image?url=https%3A%2F%2Fi1.sndcdn.com%2Fartworks-oZ6GLPgzyfBIqD0v-NBE9rQ-t3000x3000.jpg&w=384&q=100:0
[  696035ms] [ERROR] Failed to load resource: net::ERR_CONNECTION_REFUSED @ http://localhost:3001/_next/image?url=https%3A%2F%2Fi1.sndcdn.com%2Fartworks-SomEWSX1kvFgw4LV-XH4zaQ-t3000x3000.jpg&w=384&q=100:0
[  703035ms] [ERROR] Failed to load resource: net::ERR_CONNECTION_REFUSED @ http://localhost:3001/_next/image?url=https%3A%2F%2Fthumbnailer.mixcloud.com%2Funsafe%2F2048x2048%2Fextaudio%2F8%2F6%2F0%2Fc%2F15fa-f023-4b03-bf3e-3c65db7742c0&w=384&q=100:0
[  710036ms] [ERROR] Failed to load resource: net::ERR_CONNECTION_REFUSED @ http://localhost:3001/_next/image?url=https%3A%2F%2Fi1.sndcdn.com%2Fartworks-1ho65iks3fsaazXs-yWRYAw-t3000x3000.jpg&w=384&q=100:0
[  717030ms] [ERROR] Failed to load resource: net::ERR_CONNECTION_REFUSED @ http://localhost:3001/_next/image?url=https%3A%2F%2Fthumbnailer.mixcloud.com%2Funsafe%2F2048x2048%2Fextaudio%2F0%2F8%2Ff%2Fb%2Fac8c-efa7-4b20-b2a7-9659390dbc2e&w=384&q=100:0
[  724031ms] [ERROR] Failed to load resource: net::ERR_CONNECTION_REFUSED @ http://localhost:3001/_next/image?url=https%3A%2F%2Fi1.sndcdn.com%2Fartworks-L89EZ1kH6b58dMC7-IMsphg-t3000x3000.jpg&w=384&q=100:0
[  731031ms] [ERROR] Failed to load resource: net::ERR_CONNECTION_REFUSED @ http://localhost:3001/_next/image?url=https%3A%2F%2Fi1.sndcdn.com%2Fartworks-qFZhLVUnA5GYVvMC-xNMGQw-t3000x3000.jpg&w=384&q=100:0
[  738034ms] [ERROR] Failed to load resource: net::ERR_CONNECTION_REFUSED @ http://localhost:3001/_next/image?url=https%3A%2F%2Fi1.sndcdn.com%2Fartworks-oZ6GLPgzyfBIqD0v-NBE9rQ-t3000x3000.jpg&w=384&q=100:0
[  752028ms] [ERROR] Failed to load resource: net::ERR_CONNECTION_REFUSED @ http://localhost:3001/_next/image?url=https%3A%2F%2Fi1.sndcdn.com%2Fartworks-SomEWSX1kvFgw4LV-XH4zaQ-t3000x3000.jpg&w=384&q=100:0
[  759032ms] [ERROR] Failed to load resource: net::ERR_CONNECTION_REFUSED @ http://localhost:3001/_next/image?url=https%3A%2F%2Fthumbnailer.mixcloud.com%2Funsafe%2F2048x2048%2Fextaudio%2F8%2F6%2F0%2Fc%2F15fa-f023-4b03-bf3e-3c65db7742c0&w=384&q=100:0
[  766034ms] [ERROR] Failed to load resource: net::ERR_CONNECTION_REFUSED @ http://localhost:3001/_next/image?url=https%3A%2F%2Fi1.sndcdn.com%2Fartworks-1ho65iks3fsaazXs-yWRYAw-t3000x3000.jpg&w=384&q=100:0
[  773029ms] [ERROR] Failed to load resource: net::ERR_CONNECTION_REFUSED @ http://localhost:3001/_next/image?url=https%3A%2F%2Fthumbnailer.mixcloud.com%2Funsafe%2F2048x2048%2Fextaudio%2F0%2F8%2Ff%2Fb%2Fac8c-efa7-4b20-b2a7-9659390dbc2e&w=384&q=100:0
[  780031ms] [ERROR] Failed to load resource: net::ERR_CONNECTION_REFUSED @ http://localhost:3001/_next/image?url=https%3A%2F%2Fi1.sndcdn.com%2Fartworks-L89EZ1kH6b58dMC7-IMsphg-t3000x3000.jpg&w=384&q=100:0
[  787030ms] [ERROR] Failed to load resource: net::ERR_CONNECTION_REFUSED @ http://localhost:3001/_next/image?url=https%3A%2F%2Fi1.sndcdn.com%2Fartworks-qFZhLVUnA5GYVvMC-xNMGQw-t3000x3000.jpg&w=384&q=100:0
[  794034ms] [ERROR] Failed to load resource: net::ERR_CONNECTION_REFUSED @ http://localhost:3001/_next/image?url=https%3A%2F%2Fi1.sndcdn.com%2Fartworks-oZ6GLPgzyfBIqD0v-NBE9rQ-t3000x3000.jpg&w=384&q=100:0
[  808030ms] [ERROR] Failed to load resource: net::ERR_CONNECTION_REFUSED @ http://localhost:3001/_next/image?url=https%3A%2F%2Fi1.sndcdn.com%2Fartworks-SomEWSX1kvFgw4LV-XH4zaQ-t3000x3000.jpg&w=384&q=100:0
[  815031ms] [ERROR] Failed to load resource: net::ERR_CONNECTION_REFUSED @ http://localhost:3001/_next/image?url=https%3A%2F%2Fthumbnailer.mixcloud.com%2Funsafe%2F2048x2048%2Fextaudio%2F8%2F6%2F0%2Fc%2F15fa-f023-4b03-bf3e-3c65db7742c0&w=384&q=100:0
[  822031ms] [ERROR] Failed to load resource: net::ERR_CONNECTION_REFUSED @ http://localhost:3001/_next/image?url=https%3A%2F%2Fi1.sndcdn.com%2Fartworks-1ho65iks3fsaazXs-yWRYAw-t3000x3000.jpg&w=384&q=100:0
[  829029ms] [ERROR] Failed to load resource: net::ERR_CONNECTION_REFUSED @ http://localhost:3001/_next/image?url=https%3A%2F%2Fthumbnailer.mixcloud.com%2Funsafe%2F2048x2048%2Fextaudio%2F0%2F8%2Ff%2Fb%2Fac8c-efa7-4b20-b2a7-9659390dbc2e&w=384&q=100:0
[  836031ms] [ERROR] Failed to load resource: net::ERR_CONNECTION_REFUSED @ http://localhost:3001/_next/image?url=https%3A%2F%2Fi1.sndcdn.com%2Fartworks-L89EZ1kH6b58dMC7-IMsphg-t3000x3000.jpg&w=384&q=100:0
[  843029ms] [ERROR] Failed to load resource: net::ERR_CONNECTION_REFUSED @ http://localhost:3001/_next/image?url=https%3A%2F%2Fi1.sndcdn.com%2Fartworks-qFZhLVUnA5GYVvMC-xNMGQw-t3000x3000.jpg&w=384&q=100:0
[  850031ms] [ERROR] Failed to load resource: net::ERR_CONNECTION_REFUSED @ http://localhost:3001/_next/image?url=https%3A%2F%2Fi1.sndcdn.com%2Fartworks-oZ6GLPgzyfBIqD0v-NBE9rQ-t3000x3000.jpg&w=384&q=100:0
[  864030ms] [ERROR] Failed to load resource: net::ERR_CONNECTION_REFUSED @ http://localhost:3001/_next/image?url=https%3A%2F%2Fi1.sndcdn.com%2Fartworks-SomEWSX1kvFgw4LV-XH4zaQ-t3000x3000.jpg&w=384&q=100:0
[  871034ms] [ERROR] Failed to load resource: net::ERR_CONNECTION_REFUSED @ http://localhost:3001/_next/image?url=https%3A%2F%2Fthumbnailer.mixcloud.com%2Funsafe%2F2048x2048%2Fextaudio%2F8%2F6%2F0%2Fc%2F15fa-f023-4b03-bf3e-3c65db7742c0&w=384&q=100:0
[  878034ms] [ERROR] Failed to load resource: net::ERR_CONNECTION_REFUSED @ http://localhost:3001/_next/image?url=https%3A%2F%2Fi1.sndcdn.com%2Fartworks-1ho65iks3fsaazXs-yWRYAw-t3000x3000.jpg&w=384&q=100:0
[  885030ms] [ERROR] Failed to load resource: net::ERR_CONNECTION_REFUSED @ http://localhost:3001/_next/image?url=https%3A%2F%2Fthumbnailer.mixcloud.com%2Funsafe%2F2048x2048%2Fextaudio%2F0%2F8%2Ff%2Fb%2Fac8c-efa7-4b20-b2a7-9659390dbc2e&w=384&q=100:0
[  892029ms] [ERROR] Failed to load resource: net::ERR_CONNECTION_REFUSED @ http://localhost:3001/_next/image?url=https%3A%2F%2Fi1.sndcdn.com%2Fartworks-L89EZ1kH6b58dMC7-IMsphg-t3000x3000.jpg&w=384&q=100:0
[  899030ms] [ERROR] Failed to load resource: net::ERR_CONNECTION_REFUSED @ http://localhost:3001/_next/image?url=https%3A%2F%2Fi1.sndcdn.com%2Fartworks-qFZhLVUnA5GYVvMC-xNMGQw-t3000x3000.jpg&w=384&q=100:0
[  906029ms] [ERROR] Failed to load resource: net::ERR_CONNECTION_REFUSED @ http://localhost:3001/_next/image?url=https%3A%2F%2Fi1.sndcdn.com%2Fartworks-oZ6GLPgzyfBIqD0v-NBE9rQ-t3000x3000.jpg&w=384&q=100:0
[  920033ms] [ERROR] Failed to load resource: net::ERR_CONNECTION_REFUSED @ http://localhost:3001/_next/image?url=https%3A%2F%2Fi1.sndcdn.com%2Fartworks-SomEWSX1kvFgw4LV-XH4zaQ-t3000x3000.jpg&w=384&q=100:0
[  927029ms] [ERROR] Failed to load resource: net::ERR_CONNECTION_REFUSED @ http://localhost:3001/_next/image?url=https%3A%2F%2Fthumbnailer.mixcloud.com%2Funsafe%2F2048x2048%2Fextaudio%2F8%2F6%2F0%2Fc%2F15fa-f023-4b03-bf3e-3c65db7742c0&w=384&q=100:0
[  934031ms] [ERROR] Failed to load resource: net::ERR_CONNECTION_REFUSED @ http://localhost:3001/_next/image?url=https%3A%2F%2Fi1.sndcdn.com%2Fartworks-1ho65iks3fsaazXs-yWRYAw-t3000x3000.jpg&w=384&q=100:0
[  941031ms] [ERROR] Failed to load resource: net::ERR_CONNECTION_REFUSED @ http://localhost:3001/_next/image?url=https%3A%2F%2Fthumbnailer.mixcloud.com%2Funsafe%2F2048x2048%2Fextaudio%2F0%2F8%2Ff%2Fb%2Fac8c-efa7-4b20-b2a7-9659390dbc2e&w=384&q=100:0
[  948035ms] [ERROR] Failed to load resource: net::ERR_CONNECTION_REFUSED @ http://localhost:3001/_next/image?url=https%3A%2F%2Fi1.sndcdn.com%2Fartworks-L89EZ1kH6b58dMC7-IMsphg-t3000x3000.jpg&w=384&q=100:0
[  955033ms] [ERROR] Failed to load resource: net::ERR_CONNECTION_REFUSED @ http://localhost:3001/_next/image?url=https%3A%2F%2Fi1.sndcdn.com%2Fartworks-qFZhLVUnA5GYVvMC-xNMGQw-t3000x3000.jpg&w=384&q=100:0
[  962036ms] [ERROR] Failed to load resource: net::ERR_CONNECTION_REFUSED @ http://localhost:3001/_next/image?url=https%3A%2F%2Fi1.sndcdn.com%2Fartworks-oZ6GLPgzyfBIqD0v-NBE9rQ-t3000x3000.jpg&w=384&q=100:0
[  976034ms] [ERROR] Failed to load resource: net::ERR_CONNECTION_REFUSED @ http://localhost:3001/_next/image?url=https%3A%2F%2Fi1.sndcdn.com%2Fartworks-SomEWSX1kvFgw4LV-XH4zaQ-t3000x3000.jpg&w=384&q=100:0
[  983034ms] [ERROR] Failed to load resource: net::ERR_CONNECTION_REFUSED @ http://localhost:3001/_next/image?url=https%3A%2F%2Fthumbnailer.mixcloud.com%2Funsafe%2F2048x2048%2Fextaudio%2F8%2F6%2F0%2Fc%2F15fa-f023-4b03-bf3e-3c65db7742c0&w=384&q=100:0
[  990035ms] [ERROR] Failed to load resource: net::ERR_CONNECTION_REFUSED @ http://localhost:3001/_next/image?url=https%3A%2F%2Fi1.sndcdn.com%2Fartworks-1ho65iks3fsaazXs-yWRYAw-t3000x3000.jpg&w=384&q=100:0
[  997035ms] [ERROR] Failed to load resource: net::ERR_CONNECTION_REFUSED @ http://localhost:3001/_next/image?url=https%3A%2F%2Fthumbnailer.mixcloud.com%2Funsafe%2F2048x2048%2Fextaudio%2F0%2F8%2Ff%2Fb%2Fac8c-efa7-4b20-b2a7-9659390dbc2e&w=384&q=100:0
[ 1004034ms] [ERROR] Failed to load resource: net::ERR_CONNECTION_REFUSED @ http://localhost:3001/_next/image?url=https%3A%2F%2Fi1.sndcdn.com%2Fartworks-L89EZ1kH6b58dMC7-IMsphg-t3000x3000.jpg&w=384&q=100:0
[ 1011035ms] [ERROR] Failed to load resource: net::ERR_CONNECTION_REFUSED @ http://localhost:3001/_next/image?url=https%3A%2F%2Fi1.sndcdn.com%2Fartworks-qFZhLVUnA5GYVvMC-xNMGQw-t3000x3000.jpg&w=384&q=100:0
[ 1018030ms] [ERROR] Failed to load resource: net::ERR_CONNECTION_REFUSED @ http://localhost:3001/_next/image?url=https%3A%2F%2Fi1.sndcdn.com%2Fartworks-oZ6GLPgzyfBIqD0v-NBE9rQ-t3000x3000.jpg&w=384&q=100:0
[ 1032034ms] [ERROR] Failed to load resource: net::ERR_CONNECTION_REFUSED @ http://localhost:3001/_next/image?url=https%3A%2F%2Fi1.sndcdn.com%2Fartworks-SomEWSX1kvFgw4LV-XH4zaQ-t3000x3000.jpg&w=384&q=100:0
[ 1039034ms] [ERROR] Failed to load resource: net::ERR_CONNECTION_REFUSED @ http://localhost:3001/_next/image?url=https%3A%2F%2Fthumbnailer.mixcloud.com%2Funsafe%2F2048x2048%2Fextaudio%2F8%2F6%2F0%2Fc%2F15fa-f023-4b03-bf3e-3c65db7742c0&w=384&q=100:0
[ 1046035ms] [ERROR] Failed to load resource: net::ERR_CONNECTION_REFUSED @ http://localhost:3001/_next/image?url=https%3A%2F%2Fi1.sndcdn.com%2Fartworks-1ho65iks3fsaazXs-yWRYAw-t3000x3000.jpg&w=384&q=100:0
[ 1053034ms] [ERROR] Failed to load resource: net::ERR_CONNECTION_REFUSED @ http://localhost:3001/_next/image?url=https%3A%2F%2Fthumbnailer.mixcloud.com%2Funsafe%2F2048x2048%2Fextaudio%2F0%2F8%2Ff%2Fb%2Fac8c-efa7-4b20-b2a7-9659390dbc2e&w=384&q=100:0
[ 1060032ms] [ERROR] Failed to load resource: net::ERR_CONNECTION_REFUSED @ http://localhost:3001/_next/image?url=https%3A%2F%2Fi1.sndcdn.com%2Fartworks-L89EZ1kH6b58dMC7-IMsphg-t3000x3000.jpg&w=384&q=100:0
[ 1067030ms] [ERROR] Failed to load resource: net::ERR_CONNECTION_REFUSED @ http://localhost:3001/_next/image?url=https%3A%2F%2Fi1.sndcdn.com%2Fartworks-qFZhLVUnA5GYVvMC-xNMGQw-t3000x3000.jpg&w=384&q=100:0
[ 1074030ms] [ERROR] Failed to load resource: net::ERR_CONNECTION_REFUSED @ http://localhost:3001/_next/image?url=https%3A%2F%2Fi1.sndcdn.com%2Fartworks-oZ6GLPgzyfBIqD0v-NBE9rQ-t3000x3000.jpg&w=384&q=100:0
[ 1088033ms] [ERROR] Failed to load resource: net::ERR_CONNECTION_REFUSED @ http://localhost:3001/_next/image?url=https%3A%2F%2Fi1.sndcdn.com%2Fartworks-SomEWSX1kvFgw4LV-XH4zaQ-t3000x3000.jpg&w=384&q=100:0
[ 1095040ms] [ERROR] Failed to load resource: net::ERR_CONNECTION_REFUSED @ http://localhost:3001/_next/image?url=https%3A%2F%2Fthumbnailer.mixcloud.com%2Funsafe%2F2048x2048%2Fextaudio%2F8%2F6%2F0%2Fc%2F15fa-f023-4b03-bf3e-3c65db7742c0&w=384&q=100:0
[ 1102034ms] [ERROR] Failed to load resource: net::ERR_CONNECTION_REFUSED @ http://localhost:3001/_next/image?url=https%3A%2F%2Fi1.sndcdn.com%2Fartworks-1ho65iks3fsaazXs-yWRYAw-t3000x3000.jpg&w=384&q=100:0
[ 1109034ms] [ERROR] Failed to load resource: net::ERR_CONNECTION_REFUSED @ http://localhost:3001/_next/image?url=https%3A%2F%2Fthumbnailer.mixcloud.com%2Funsafe%2F2048x2048%2Fextaudio%2F0%2F8%2Ff%2Fb%2Fac8c-efa7-4b20-b2a7-9659390dbc2e&w=384&q=100:0
[ 1116034ms] [ERROR] Failed to load resource: net::ERR_CONNECTION_REFUSED @ http://localhost:3001/_next/image?url=https%3A%2F%2Fi1.sndcdn.com%2Fartworks-L89EZ1kH6b58dMC7-IMsphg-t3000x3000.jpg&w=384&q=100:0
[ 1123035ms] [ERROR] Failed to load resource: net::ERR_CONNECTION_REFUSED @ http://localhost:3001/_next/image?url=https%3A%2F%2Fi1.sndcdn.com%2Fartworks-qFZhLVUnA5GYVvMC-xNMGQw-t3000x3000.jpg&w=384&q=100:0
[ 1130033ms] [ERROR] Failed to load resource: net::ERR_CONNECTION_REFUSED @ http://localhost:3001/_next/image?url=https%3A%2F%2Fi1.sndcdn.com%2Fartworks-oZ6GLPgzyfBIqD0v-NBE9rQ-t3000x3000.jpg&w=384&q=100:0
[ 1144034ms] [ERROR] Failed to load resource: net::ERR_CONNECTION_REFUSED @ http://localhost:3001/_next/image?url=https%3A%2F%2Fi1.sndcdn.com%2Fartworks-SomEWSX1kvFgw4LV-XH4zaQ-t3000x3000.jpg&w=384&q=100:0
[ 1151035ms] [ERROR] Failed to load resource: net::ERR_CONNECTION_REFUSED @ http://localhost:3001/_next/image?url=https%3A%2F%2Fthumbnailer.mixcloud.com%2Funsafe%2F2048x2048%2Fextaudio%2F8%2F6%2F0%2Fc%2F15fa-f023-4b03-bf3e-3c65db7742c0&w=384&q=100:0
[ 1158035ms] [ERROR] Failed to load resource: net::ERR_CONNECTION_REFUSED @ http://localhost:3001/_next/image?url=https%3A%2F%2Fi1.sndcdn.com%2Fartworks-1ho65iks3fsaazXs-yWRYAw-t3000x3000.jpg&w=384&q=100:0
[ 1165028ms] [ERROR] Failed to load resource: net::ERR_CONNECTION_REFUSED @ http://localhost:3001/_next/image?url=https%3A%2F%2Fthumbnailer.mixcloud.com%2Funsafe%2F2048x2048%2Fextaudio%2F0%2F8%2Ff%2Fb%2Fac8c-efa7-4b20-b2a7-9659390dbc2e&w=384&q=100:0
[ 1172030ms] [ERROR] Failed to load resource: net::ERR_CONNECTION_REFUSED @ http://localhost:3001/_next/image?url=https%3A%2F%2Fi1.sndcdn.com%2Fartworks-L89EZ1kH6b58dMC7-IMsphg-t3000x3000.jpg&w=384&q=100:0
[ 1179032ms] [ERROR] Failed to load resource: net::ERR_CONNECTION_REFUSED @ http://localhost:3001/_next/image?url=https%3A%2F%2Fi1.sndcdn.com%2Fartworks-qFZhLVUnA5GYVvMC-xNMGQw-t3000x3000.jpg&w=384&q=100:0
[ 1186030ms] [ERROR] Failed to load resource: net::ERR_CONNECTION_REFUSED @ http://localhost:3001/_next/image?url=https%3A%2F%2Fi1.sndcdn.com%2Fartworks-oZ6GLPgzyfBIqD0v-NBE9rQ-t3000x3000.jpg&w=384&q=100:0
[ 1200031ms] [ERROR] Failed to load resource: net::ERR_CONNECTION_REFUSED @ http://localhost:3001/_next/image?url=https%3A%2F%2Fi1.sndcdn.com%2Fartworks-SomEWSX1kvFgw4LV-XH4zaQ-t3000x3000.jpg&w=384&q=100:0
[ 1207030ms] [ERROR] Failed to load resource: net::ERR_CONNECTION_REFUSED @ http://localhost:3001/_next/image?url=https%3A%2F%2Fthumbnailer.mixcloud.com%2Funsafe%2F2048x2048%2Fextaudio%2F8%2F6%2F0%2Fc%2F15fa-f023-4b03-bf3e-3c65db7742c0&w=384&q=100:0
[ 1214038ms] [ERROR] Failed to load resource: net::ERR_CONNECTION_REFUSED @ http://localhost:3001/_next/image?url=https%3A%2F%2Fi1.sndcdn.com%2Fartworks-1ho65iks3fsaazXs-yWRYAw-t3000x3000.jpg&w=384&q=100:0
[ 1221034ms] [ERROR] Failed to load resource: net::ERR_CONNECTION_REFUSED @ http://localhost:3001/_next/image?url=https%3A%2F%2Fthumbnailer.mixcloud.com%2Funsafe%2F2048x2048%2Fextaudio%2F0%2F8%2Ff%2Fb%2Fac8c-efa7-4b20-b2a7-9659390dbc2e&w=384&q=100:0
[ 1228034ms] [ERROR] Failed to load resource: net::ERR_CONNECTION_REFUSED @ http://localhost:3001/_next/image?url=https%3A%2F%2Fi1.sndcdn.com%2Fartworks-L89EZ1kH6b58dMC7-IMsphg-t3000x3000.jpg&w=384&q=100:0
[ 1235030ms] [ERROR] Failed to load resource: net::ERR_CONNECTION_REFUSED @ http://localhost:3001/_next/image?url=https%3A%2F%2Fi1.sndcdn.com%2Fartworks-qFZhLVUnA5GYVvMC-xNMGQw-t3000x3000.jpg&w=384&q=100:0
[ 1242030ms] [ERROR] Failed to load resource: net::ERR_CONNECTION_REFUSED @ http://localhost:3001/_next/image?url=https%3A%2F%2Fi1.sndcdn.com%2Fartworks-oZ6GLPgzyfBIqD0v-NBE9rQ-t3000x3000.jpg&w=384&q=100:0
[ 1256031ms] [ERROR] Failed to load resource: net::ERR_CONNECTION_REFUSED @ http://localhost:3001/_next/image?url=https%3A%2F%2Fi1.sndcdn.com%2Fartworks-SomEWSX1kvFgw4LV-XH4zaQ-t3000x3000.jpg&w=384&q=100:0
[ 1263030ms] [ERROR] Failed to load resource: net::ERR_CONNECTION_REFUSED @ http://localhost:3001/_next/image?url=https%3A%2F%2Fthumbnailer.mixcloud.com%2Funsafe%2F2048x2048%2Fextaudio%2F8%2F6%2F0%2Fc%2F15fa-f023-4b03-bf3e-3c65db7742c0&w=384&q=100:0
[ 1270031ms] [ERROR] Failed to load resource: net::ERR_CONNECTION_REFUSED @ http://localhost:3001/_next/image?url=https%3A%2F%2Fi1.sndcdn.com%2Fartworks-1ho65iks3fsaazXs-yWRYAw-t3000x3000.jpg&w=384&q=100:0
[ 1277029ms] [ERROR] Failed to load resource: net::ERR_CONNECTION_REFUSED @ http://localhost:3001/_next/image?url=https%3A%2F%2Fthumbnailer.mixcloud.com%2Funsafe%2F2048x2048%2Fextaudio%2F0%2F8%2Ff%2Fb%2Fac8c-efa7-4b20-b2a7-9659390dbc2e&w=384&q=100:0
[ 1284031ms] [ERROR] Failed to load resource: net::ERR_CONNECTION_REFUSED @ http://localhost:3001/_next/image?url=https%3A%2F%2Fi1.sndcdn.com%2Fartworks-L89EZ1kH6b58dMC7-IMsphg-t3000x3000.jpg&w=384&q=100:0
[ 1291032ms] [ERROR] Failed to load resource: net::ERR_CONNECTION_REFUSED @ http://localhost:3001/_next/image?url=https%3A%2F%2Fi1.sndcdn.com%2Fartworks-qFZhLVUnA5GYVvMC-xNMGQw-t3000x3000.jpg&w=384&q=100:0
[ 1298030ms] [ERROR] Failed to load resource: net::ERR_CONNECTION_REFUSED @ http://localhost:3001/_next/image?url=https%3A%2F%2Fi1.sndcdn.com%2Fartworks-oZ6GLPgzyfBIqD0v-NBE9rQ-t3000x3000.jpg&w=384&q=100:0
[ 1312031ms] [ERROR] Failed to load resource: net::ERR_CONNECTION_REFUSED @ http://localhost:3001/_next/image?url=https%3A%2F%2Fi1.sndcdn.com%2Fartworks-SomEWSX1kvFgw4LV-XH4zaQ-t3000x3000.jpg&w=384&q=100:0
[ 1319030ms] [ERROR] Failed to load resource: net::ERR_CONNECTION_REFUSED @ http://localhost:3001/_next/image?url=https%3A%2F%2Fthumbnailer.mixcloud.com%2Funsafe%2F2048x2048%2Fextaudio%2F8%2F6%2F0%2Fc%2F15fa-f023-4b03-bf3e-3c65db7742c0&w=384&q=100:0
[ 1326030ms] [ERROR] Failed to load resource: net::ERR_CONNECTION_REFUSED @ http://localhost:3001/_next/image?url=https%3A%2F%2Fi1.sndcdn.com%2Fartworks-1ho65iks3fsaazXs-yWRYAw-t3000x3000.jpg&w=384&q=100:0
[ 1333037ms] [ERROR] Failed to load resource: net::ERR_CONNECTION_REFUSED @ http://localhost:3001/_next/image?url=https%3A%2F%2Fthumbnailer.mixcloud.com%2Funsafe%2F2048x2048%2Fextaudio%2F0%2F8%2Ff%2Fb%2Fac8c-efa7-4b20-b2a7-9659390dbc2e&w=384&q=100:0
[ 1340030ms] [ERROR] Failed to load resource: net::ERR_CONNECTION_REFUSED @ http://localhost:3001/_next/image?url=https%3A%2F%2Fi1.sndcdn.com%2Fartworks-L89EZ1kH6b58dMC7-IMsphg-t3000x3000.jpg&w=384&q=100:0
[ 1347031ms] [ERROR] Failed to load resource: net::ERR_CONNECTION_REFUSED @ http://localhost:3001/_next/image?url=https%3A%2F%2Fi1.sndcdn.com%2Fartworks-qFZhLVUnA5GYVvMC-xNMGQw-t3000x3000.jpg&w=384&q=100:0
[ 1354031ms] [ERROR] Failed to load resource: net::ERR_CONNECTION_REFUSED @ http://localhost:3001/_next/image?url=https%3A%2F%2Fi1.sndcdn.com%2Fartworks-oZ6GLPgzyfBIqD0v-NBE9rQ-t3000x3000.jpg&w=384&q=100:0
[ 1368031ms] [ERROR] Failed to load resource: net::ERR_CONNECTION_REFUSED @ http://localhost:3001/_next/image?url=https%3A%2F%2Fi1.sndcdn.com%2Fartworks-SomEWSX1kvFgw4LV-XH4zaQ-t3000x3000.jpg&w=384&q=100:0
[ 1375034ms] [ERROR] Failed to load resource: net::ERR_CONNECTION_REFUSED @ http://localhost:3001/_next/image?url=https%3A%2F%2Fthumbnailer.mixcloud.com%2Funsafe%2F2048x2048%2Fextaudio%2F8%2F6%2F0%2Fc%2F15fa-f023-4b03-bf3e-3c65db7742c0&w=384&q=100:0
[ 1382033ms] [ERROR] Failed to load resource: net::ERR_CONNECTION_REFUSED @ http://localhost:3001/_next/image?url=https%3A%2F%2Fi1.sndcdn.com%2Fartworks-1ho65iks3fsaazXs-yWRYAw-t3000x3000.jpg&w=384&q=100:0
[ 1389034ms] [ERROR] Failed to load resource: net::ERR_CONNECTION_REFUSED @ http://localhost:3001/_next/image?url=https%3A%2F%2Fthumbnailer.mixcloud.com%2Funsafe%2F2048x2048%2Fextaudio%2F0%2F8%2Ff%2Fb%2Fac8c-efa7-4b20-b2a7-9659390dbc2e&w=384&q=100:0
[ 1396034ms] [ERROR] Failed to load resource: net::ERR_CONNECTION_REFUSED @ http://localhost:3001/_next/image?url=https%3A%2F%2Fi1.sndcdn.com%2Fartworks-L89EZ1kH6b58dMC7-IMsphg-t3000x3000.jpg&w=384&q=100:0
[ 1403038ms] [ERROR] Failed to load resource: net::ERR_CONNECTION_REFUSED @ http://localhost:3001/_next/image?url=https%3A%2F%2Fi1.sndcdn.com%2Fartworks-qFZhLVUnA5GYVvMC-xNMGQw-t3000x3000.jpg&w=384&q=100:0
[ 1410030ms] [ERROR] Failed to load resource: net::ERR_CONNECTION_REFUSED @ http://localhost:3001/_next/image?url=https%3A%2F%2Fi1.sndcdn.com%2Fartworks-oZ6GLPgzyfBIqD0v-NBE9rQ-t3000x3000.jpg&w=384&q=100:0
[ 1424034ms] [ERROR] Failed to load resource: net::ERR_CONNECTION_REFUSED @ http://localhost:3001/_next/image?url=https%3A%2F%2Fi1.sndcdn.com%2Fartworks-SomEWSX1kvFgw4LV-XH4zaQ-t3000x3000.jpg&w=384&q=100:0
[ 1431034ms] [ERROR] Failed to load resource: net::ERR_CONNECTION_REFUSED @ http://localhost:3001/_next/image?url=https%3A%2F%2Fthumbnailer.mixcloud.com%2Funsafe%2F2048x2048%2Fextaudio%2F8%2F6%2F0%2Fc%2F15fa-f023-4b03-bf3e-3c65db7742c0&w=384&q=100:0
[ 1438035ms] [ERROR] Failed to load resource: net::ERR_CONNECTION_REFUSED @ http://localhost:3001/_next/image?url=https%3A%2F%2Fi1.sndcdn.com%2Fartworks-1ho65iks3fsaazXs-yWRYAw-t3000x3000.jpg&w=384&q=100:0
[ 1445038ms] [ERROR] Failed to load resource: net::ERR_CONNECTION_REFUSED @ http://localhost:3001/_next/image?url=https%3A%2F%2Fthumbnailer.mixcloud.com%2Funsafe%2F2048x2048%2Fextaudio%2F0%2F8%2Ff%2Fb%2Fac8c-efa7-4b20-b2a7-9659390dbc2e&w=384&q=100:0
[ 1452039ms] [ERROR] Failed to load resource: net::ERR_CONNECTION_REFUSED @ http://localhost:3001/_next/image?url=https%3A%2F%2Fi1.sndcdn.com%2Fartworks-L89EZ1kH6b58dMC7-IMsphg-t3000x3000.jpg&w=384&q=100:0
[ 1459038ms] [ERROR] Failed to load resource: net::ERR_CONNECTION_REFUSED @ http://localhost:3001/_next/image?url=https%3A%2F%2Fi1.sndcdn.com%2Fartworks-qFZhLVUnA5GYVvMC-xNMGQw-t3000x3000.jpg&w=384&q=100:0
[ 1466040ms] [ERROR] Failed to load resource: net::ERR_CONNECTION_REFUSED @ http://localhost:3001/_next/image?url=https%3A%2F%2Fi1.sndcdn.com%2Fartworks-oZ6GLPgzyfBIqD0v-NBE9rQ-t3000x3000.jpg&w=384&q=100:0
[ 1480039ms] [ERROR] Failed to load resource: net::ERR_CONNECTION_REFUSED @ http://localhost:3001/_next/image?url=https%3A%2F%2Fi1.sndcdn.com%2Fartworks-SomEWSX1kvFgw4LV-XH4zaQ-t3000x3000.jpg&w=384&q=100:0
[ 1487036ms] [ERROR] Failed to load resource: net::ERR_CONNECTION_REFUSED @ http://localhost:3001/_next/image?url=https%3A%2F%2Fthumbnailer.mixcloud.com%2Funsafe%2F2048x2048%2Fextaudio%2F8%2F6%2F0%2Fc%2F15fa-f023-4b03-bf3e-3c65db7742c0&w=384&q=100:0
[ 1494037ms] [ERROR] Failed to load resource: net::ERR_CONNECTION_REFUSED @ http://localhost:3001/_next/image?url=https%3A%2F%2Fi1.sndcdn.com%2Fartworks-1ho65iks3fsaazXs-yWRYAw-t3000x3000.jpg&w=384&q=100:0
[ 1501046ms] [ERROR] Failed to load resource: net::ERR_CONNECTION_REFUSED @ http://localhost:3001/_next/image?url=https%3A%2F%2Fthumbnailer.mixcloud.com%2Funsafe%2F2048x2048%2Fextaudio%2F0%2F8%2Ff%2Fb%2Fac8c-efa7-4b20-b2a7-9659390dbc2e&w=384&q=100:0
[ 1508041ms] [ERROR] Failed to load resource: net::ERR_CONNECTION_REFUSED @ http://localhost:3001/_next/image?url=https%3A%2F%2Fi1.sndcdn.com%2Fartworks-L89EZ1kH6b58dMC7-IMsphg-t3000x3000.jpg&w=384&q=100:0
[ 1515041ms] [ERROR] Failed to load resource: net::ERR_CONNECTION_REFUSED @ http://localhost:3001/_next/image?url=https%3A%2F%2Fi1.sndcdn.com%2Fartworks-qFZhLVUnA5GYVvMC-xNMGQw-t3000x3000.jpg&w=384&q=100:0
[ 1522042ms] [ERROR] Failed to load resource: net::ERR_CONNECTION_REFUSED @ http://localhost:3001/_next/image?url=https%3A%2F%2Fi1.sndcdn.com%2Fartworks-oZ6GLPgzyfBIqD0v-NBE9rQ-t3000x3000.jpg&w=384&q=100:0
[ 1536045ms] [ERROR] Failed to load resource: net::ERR_CONNECTION_REFUSED @ http://localhost:3001/_next/image?url=https%3A%2F%2Fi1.sndcdn.com%2Fartworks-SomEWSX1kvFgw4LV-XH4zaQ-t3000x3000.jpg&w=384&q=100:0
[ 1543046ms] [ERROR] Failed to load resource: net::ERR_CONNECTION_REFUSED @ http://localhost:3001/_next/image?url=https%3A%2F%2Fthumbnailer.mixcloud.com%2Funsafe%2F2048x2048%2Fextaudio%2F8%2F6%2F0%2Fc%2F15fa-f023-4b03-bf3e-3c65db7742c0&w=384&q=100:0
[ 1550045ms] [ERROR] Failed to load resource: net::ERR_CONNECTION_REFUSED @ http://localhost:3001/_next/image?url=https%3A%2F%2Fi1.sndcdn.com%2Fartworks-1ho65iks3fsaazXs-yWRYAw-t3000x3000.jpg&w=384&q=100:0
[ 1557051ms] [ERROR] Failed to load resource: net::ERR_CONNECTION_REFUSED @ http://localhost:3001/_next/image?url=https%3A%2F%2Fthumbnailer.mixcloud.com%2Funsafe%2F2048x2048%2Fextaudio%2F0%2F8%2Ff%2Fb%2Fac8c-efa7-4b20-b2a7-9659390dbc2e&w=384&q=100:0
[ 1564046ms] [ERROR] Failed to load resource: net::ERR_CONNECTION_REFUSED @ http://localhost:3001/_next/image?url=https%3A%2F%2Fi1.sndcdn.com%2Fartworks-L89EZ1kH6b58dMC7-IMsphg-t3000x3000.jpg&w=384&q=100:0
[ 1571046ms] [ERROR] Failed to load resource: net::ERR_CONNECTION_REFUSED @ http://localhost:3001/_next/image?url=https%3A%2F%2Fi1.sndcdn.com%2Fartworks-qFZhLVUnA5GYVvMC-xNMGQw-t3000x3000.jpg&w=384&q=100:0
[ 1578046ms] [ERROR] Failed to load resource: net::ERR_CONNECTION_REFUSED @ http://localhost:3001/_next/image?url=https%3A%2F%2Fi1.sndcdn.com%2Fartworks-oZ6GLPgzyfBIqD0v-NBE9rQ-t3000x3000.jpg&w=384&q=100:0
[ 1592047ms] [ERROR] Failed to load resource: net::ERR_CONNECTION_REFUSED @ http://localhost:3001/_next/image?url=https%3A%2F%2Fi1.sndcdn.com%2Fartworks-SomEWSX1kvFgw4LV-XH4zaQ-t3000x3000.jpg&w=384&q=100:0
[ 1599046ms] [ERROR] Failed to load resource: net::ERR_CONNECTION_REFUSED @ http://localhost:3001/_next/image?url=https%3A%2F%2Fthumbnailer.mixcloud.com%2Funsafe%2F2048x2048%2Fextaudio%2F8%2F6%2F0%2Fc%2F15fa-f023-4b03-bf3e-3c65db7742c0&w=384&q=100:0
[ 1606046ms] [ERROR] Failed to load resource: net::ERR_CONNECTION_REFUSED @ http://localhost:3001/_next/image?url=https%3A%2F%2Fi1.sndcdn.com%2Fartworks-1ho65iks3fsaazXs-yWRYAw-t3000x3000.jpg&w=384&q=100:0
[ 1613046ms] [ERROR] Failed to load resource: net::ERR_CONNECTION_REFUSED @ http://localhost:3001/_next/image?url=https%3A%2F%2Fthumbnailer.mixcloud.com%2Funsafe%2F2048x2048%2Fextaudio%2F0%2F8%2Ff%2Fb%2Fac8c-efa7-4b20-b2a7-9659390dbc2e&w=384&q=100:0
[ 1620046ms] [ERROR] Failed to load resource: net::ERR_CONNECTION_REFUSED @ http://localhost:3001/_next/image?url=https%3A%2F%2Fi1.sndcdn.com%2Fartworks-L89EZ1kH6b58dMC7-IMsphg-t3000x3000.jpg&w=384&q=100:0
[ 1627047ms] [ERROR] Failed to load resource: net::ERR_CONNECTION_REFUSED @ http://localhost:3001/_next/image?url=https%3A%2F%2Fi1.sndcdn.com%2Fartworks-qFZhLVUnA5GYVvMC-xNMGQw-t3000x3000.jpg&w=384&q=100:0
[ 1634047ms] [ERROR] Failed to load resource: net::ERR_CONNECTION_REFUSED @ http://localhost:3001/_next/image?url=https%3A%2F%2Fi1.sndcdn.com%2Fartworks-oZ6GLPgzyfBIqD0v-NBE9rQ-t3000x3000.jpg&w=384&q=100:0
[ 1648046ms] [ERROR] Failed to load resource: net::ERR_CONNECTION_REFUSED @ http://localhost:3001/_next/image?url=https%3A%2F%2Fi1.sndcdn.com%2Fartworks-SomEWSX1kvFgw4LV-XH4zaQ-t3000x3000.jpg&w=384&q=100:0
[ 1655046ms] [ERROR] Failed to load resource: net::ERR_CONNECTION_REFUSED @ http://localhost:3001/_next/image?url=https%3A%2F%2Fthumbnailer.mixcloud.com%2Funsafe%2F2048x2048%2Fextaudio%2F8%2F6%2F0%2Fc%2F15fa-f023-4b03-bf3e-3c65db7742c0&w=384&q=100:0
[ 1662047ms] [ERROR] Failed to load resource: net::ERR_CONNECTION_REFUSED @ http://localhost:3001/_next/image?url=https%3A%2F%2Fi1.sndcdn.com%2Fartworks-1ho65iks3fsaazXs-yWRYAw-t3000x3000.jpg&w=384&q=100:0
[ 1669046ms] [ERROR] Failed to load resource: net::ERR_CONNECTION_REFUSED @ http://localhost:3001/_next/image?url=https%3A%2F%2Fthumbnailer.mixcloud.com%2Funsafe%2F2048x2048%2Fextaudio%2F0%2F8%2Ff%2Fb%2Fac8c-efa7-4b20-b2a7-9659390dbc2e&w=384&q=100:0
[ 1676046ms] [ERROR] Failed to load resource: net::ERR_CONNECTION_REFUSED @ http://localhost:3001/_next/image?url=https%3A%2F%2Fi1.sndcdn.com%2Fartworks-L89EZ1kH6b58dMC7-IMsphg-t3000x3000.jpg&w=384&q=100:0
[ 1683047ms] [ERROR] Failed to load resource: net::ERR_CONNECTION_REFUSED @ http://localhost:3001/_next/image?url=https%3A%2F%2Fi1.sndcdn.com%2Fartworks-qFZhLVUnA5GYVvMC-xNMGQw-t3000x3000.jpg&w=384&q=100:0
[ 1690046ms] [ERROR] Failed to load resource: net::ERR_CONNECTION_REFUSED @ http://localhost:3001/_next/image?url=https%3A%2F%2Fi1.sndcdn.com%2Fartworks-oZ6GLPgzyfBIqD0v-NBE9rQ-t3000x3000.jpg&w=384&q=100:0
[ 1704048ms] [ERROR] Failed to load resource: net::ERR_CONNECTION_REFUSED @ http://localhost:3001/_next/image?url=https%3A%2F%2Fi1.sndcdn.com%2Fartworks-SomEWSX1kvFgw4LV-XH4zaQ-t3000x3000.jpg&w=384&q=100:0
[ 1711047ms] [ERROR] Failed to load resource: net::ERR_CONNECTION_REFUSED @ http://localhost:3001/_next/image?url=https%3A%2F%2Fthumbnailer.mixcloud.com%2Funsafe%2F2048x2048%2Fextaudio%2F8%2F6%2F0%2Fc%2F15fa-f023-4b03-bf3e-3c65db7742c0&w=384&q=100:0
[ 1718052ms] [ERROR] Failed to load resource: net::ERR_CONNECTION_REFUSED @ http://localhost:3001/_next/image?url=https%3A%2F%2Fi1.sndcdn.com%2Fartworks-1ho65iks3fsaazXs-yWRYAw-t3000x3000.jpg&w=384&q=100:0
[ 1725047ms] [ERROR] Failed to load resource: net::ERR_CONNECTION_REFUSED @ http://localhost:3001/_next/image?url=https%3A%2F%2Fthumbnailer.mixcloud.com%2Funsafe%2F2048x2048%2Fextaudio%2F0%2F8%2Ff%2Fb%2Fac8c-efa7-4b20-b2a7-9659390dbc2e&w=384&q=100:0
[ 1732050ms] [ERROR] Failed to load resource: net::ERR_CONNECTION_REFUSED @ http://localhost:3001/_next/image?url=https%3A%2F%2Fi1.sndcdn.com%2Fartworks-L89EZ1kH6b58dMC7-IMsphg-t3000x3000.jpg&w=384&q=100:0
[ 1739052ms] [ERROR] Failed to load resource: net::ERR_CONNECTION_REFUSED @ http://localhost:3001/_next/image?url=https%3A%2F%2Fi1.sndcdn.com%2Fartworks-qFZhLVUnA5GYVvMC-xNMGQw-t3000x3000.jpg&w=384&q=100:0
[ 1746047ms] [ERROR] Failed to load resource: net::ERR_CONNECTION_REFUSED @ http://localhost:3001/_next/image?url=https%3A%2F%2Fi1.sndcdn.com%2Fartworks-oZ6GLPgzyfBIqD0v-NBE9rQ-t3000x3000.jpg&w=384&q=100:0
[ 1760047ms] [ERROR] Failed to load resource: net::ERR_CONNECTION_REFUSED @ http://localhost:3001/_next/image?url=https%3A%2F%2Fi1.sndcdn.com%2Fartworks-SomEWSX1kvFgw4LV-XH4zaQ-t3000x3000.jpg&w=384&q=100:0
[ 1767047ms] [ERROR] Failed to load resource: net::ERR_CONNECTION_REFUSED @ http://localhost:3001/_next/image?url=https%3A%2F%2Fthumbnailer.mixcloud.com%2Funsafe%2F2048x2048%2Fextaudio%2F8%2F6%2F0%2Fc%2F15fa-f023-4b03-bf3e-3c65db7742c0&w=384&q=100:0
[ 1774048ms] [ERROR] Failed to load resource: net::ERR_CONNECTION_REFUSED @ http://localhost:3001/_next/image?url=https%3A%2F%2Fi1.sndcdn.com%2Fartworks-1ho65iks3fsaazXs-yWRYAw-t3000x3000.jpg&w=384&q=100:0
[ 1781047ms] [ERROR] Failed to load resource: net::ERR_CONNECTION_REFUSED @ http://localhost:3001/_next/image?url=https%3A%2F%2Fthumbnailer.mixcloud.com%2Funsafe%2F2048x2048%2Fextaudio%2F0%2F8%2Ff%2Fb%2Fac8c-efa7-4b20-b2a7-9659390dbc2e&w=384&q=100:0
[ 1788048ms] [ERROR] Failed to load resource: net::ERR_CONNECTION_REFUSED @ http://localhost:3001/_next/image?url=https%3A%2F%2Fi1.sndcdn.com%2Fartworks-L89EZ1kH6b58dMC7-IMsphg-t3000x3000.jpg&w=384&q=100:0
[ 1795049ms] [ERROR] Failed to load resource: net::ERR_CONNECTION_REFUSED @ http://localhost:3001/_next/image?url=https%3A%2F%2Fi1.sndcdn.com%2Fartworks-qFZhLVUnA5GYVvMC-xNMGQw-t3000x3000.jpg&w=384&q=100:0
[ 1802048ms] [ERROR] Failed to load resource: net::ERR_CONNECTION_REFUSED @ http://localhost:3001/_next/image?url=https%3A%2F%2Fi1.sndcdn.com%2Fartworks-oZ6GLPgzyfBIqD0v-NBE9rQ-t3000x3000.jpg&w=384&q=100:0
[ 1816048ms] [ERROR] Failed to load resource: net::ERR_CONNECTION_REFUSED @ http://localhost:3001/_next/image?url=https%3A%2F%2Fi1.sndcdn.com%2Fartworks-SomEWSX1kvFgw4LV-XH4zaQ-t3000x3000.jpg&w=384&q=100:0
[ 1823048ms] [ERROR] Failed to load resource: net::ERR_CONNECTION_REFUSED @ http://localhost:3001/_next/image?url=https%3A%2F%2Fthumbnailer.mixcloud.com%2Funsafe%2F2048x2048%2Fextaudio%2F8%2F6%2F0%2Fc%2F15fa-f023-4b03-bf3e-3c65db7742c0&w=384&q=100:0
[ 1830048ms] [ERROR] Failed to load resource: net::ERR_CONNECTION_REFUSED @ http://localhost:3001/_next/image?url=https%3A%2F%2Fi1.sndcdn.com%2Fartworks-1ho65iks3fsaazXs-yWRYAw-t3000x3000.jpg&w=384&q=100:0
[ 1837047ms] [ERROR] Failed to load resource: net::ERR_CONNECTION_REFUSED @ http://localhost:3001/_next/image?url=https%3A%2F%2Fthumbnailer.mixcloud.com%2Funsafe%2F2048x2048%2Fextaudio%2F0%2F8%2Ff%2Fb%2Fac8c-efa7-4b20-b2a7-9659390dbc2e&w=384&q=100:0
[ 1844047ms] [ERROR] Failed to load resource: net::ERR_CONNECTION_REFUSED @ http://localhost:3001/_next/image?url=https%3A%2F%2Fi1.sndcdn.com%2Fartworks-L89EZ1kH6b58dMC7-IMsphg-t3000x3000.jpg&w=384&q=100:0
[ 1851049ms] [ERROR] Failed to load resource: net::ERR_CONNECTION_REFUSED @ http://localhost:3001/_next/image?url=https%3A%2F%2Fi1.sndcdn.com%2Fartworks-qFZhLVUnA5GYVvMC-xNMGQw-t3000x3000.jpg&w=384&q=100:0
[ 1858047ms] [ERROR] Failed to load resource: net::ERR_CONNECTION_REFUSED @ http://localhost:3001/_next/image?url=https%3A%2F%2Fi1.sndcdn.com%2Fartworks-oZ6GLPgzyfBIqD0v-NBE9rQ-t3000x3000.jpg&w=384&q=100:0
[ 1872047ms] [ERROR] Failed to load resource: net::ERR_CONNECTION_REFUSED @ http://localhost:3001/_next/image?url=https%3A%2F%2Fi1.sndcdn.com%2Fartworks-SomEWSX1kvFgw4LV-XH4zaQ-t3000x3000.jpg&w=384&q=100:0
[ 1879048ms] [ERROR] Failed to load resource: net::ERR_CONNECTION_REFUSED @ http://localhost:3001/_next/image?url=https%3A%2F%2Fthumbnailer.mixcloud.com%2Funsafe%2F2048x2048%2Fextaudio%2F8%2F6%2F0%2Fc%2F15fa-f023-4b03-bf3e-3c65db7742c0&w=384&q=100:0
[ 1886048ms] [ERROR] Failed to load resource: net::ERR_CONNECTION_REFUSED @ http://localhost:3001/_next/image?url=https%3A%2F%2Fi1.sndcdn.com%2Fartworks-1ho65iks3fsaazXs-yWRYAw-t3000x3000.jpg&w=384&q=100:0
[ 1893048ms] [ERROR] Failed to load resource: net::ERR_CONNECTION_REFUSED @ http://localhost:3001/_next/image?url=https%3A%2F%2Fthumbnailer.mixcloud.com%2Funsafe%2F2048x2048%2Fextaudio%2F0%2F8%2Ff%2Fb%2Fac8c-efa7-4b20-b2a7-9659390dbc2e&w=384&q=100:0
[ 1900047ms] [ERROR] Failed to load resource: net::ERR_CONNECTION_REFUSED @ http://localhost:3001/_next/image?url=https%3A%2F%2Fi1.sndcdn.com%2Fartworks-L89EZ1kH6b58dMC7-IMsphg-t3000x3000.jpg&w=384&q=100:0
[ 1907047ms] [ERROR] Failed to load resource: net::ERR_CONNECTION_REFUSED @ http://localhost:3001/_next/image?url=https%3A%2F%2Fi1.sndcdn.com%2Fartworks-qFZhLVUnA5GYVvMC-xNMGQw-t3000x3000.jpg&w=384&q=100:0
[ 1914048ms] [ERROR] Failed to load resource: net::ERR_CONNECTION_REFUSED @ http://localhost:3001/_next/image?url=https%3A%2F%2Fi1.sndcdn.com%2Fartworks-oZ6GLPgzyfBIqD0v-NBE9rQ-t3000x3000.jpg&w=384&q=100:0
[ 1928048ms] [ERROR] Failed to load resource: net::ERR_CONNECTION_REFUSED @ http://localhost:3001/_next/image?url=https%3A%2F%2Fi1.sndcdn.com%2Fartworks-SomEWSX1kvFgw4LV-XH4zaQ-t3000x3000.jpg&w=384&q=100:0
[ 1935049ms] [ERROR] Failed to load resource: net::ERR_CONNECTION_REFUSED @ http://localhost:3001/_next/image?url=https%3A%2F%2Fthumbnailer.mixcloud.com%2Funsafe%2F2048x2048%2Fextaudio%2F8%2F6%2F0%2Fc%2F15fa-f023-4b03-bf3e-3c65db7742c0&w=384&q=100:0
[ 1942049ms] [ERROR] Failed to load resource: net::ERR_CONNECTION_REFUSED @ http://localhost:3001/_next/image?url=https%3A%2F%2Fi1.sndcdn.com%2Fartworks-1ho65iks3fsaazXs-yWRYAw-t3000x3000.jpg&w=384&q=100:0
[ 1949048ms] [ERROR] Failed to load resource: net::ERR_CONNECTION_REFUSED @ http://localhost:3001/_next/image?url=https%3A%2F%2Fthumbnailer.mixcloud.com%2Funsafe%2F2048x2048%2Fextaudio%2F0%2F8%2Ff%2Fb%2Fac8c-efa7-4b20-b2a7-9659390dbc2e&w=384&q=100:0
[ 1956048ms] [ERROR] Failed to load resource: net::ERR_CONNECTION_REFUSED @ http://localhost:3001/_next/image?url=https%3A%2F%2Fi1.sndcdn.com%2Fartworks-L89EZ1kH6b58dMC7-IMsphg-t3000x3000.jpg&w=384&q=100:0
[ 1963048ms] [ERROR] Failed to load resource: net::ERR_CONNECTION_REFUSED @ http://localhost:3001/_next/image?url=https%3A%2F%2Fi1.sndcdn.com%2Fartworks-qFZhLVUnA5GYVvMC-xNMGQw-t3000x3000.jpg&w=384&q=100:0
[ 1970049ms] [ERROR] Failed to load resource: net::ERR_CONNECTION_REFUSED @ http://localhost:3001/_next/image?url=https%3A%2F%2Fi1.sndcdn.com%2Fartworks-oZ6GLPgzyfBIqD0v-NBE9rQ-t3000x3000.jpg&w=384&q=100:0
[ 1984048ms] [ERROR] Failed to load resource: net::ERR_CONNECTION_REFUSED @ http://localhost:3001/_next/image?url=https%3A%2F%2Fi1.sndcdn.com%2Fartworks-SomEWSX1kvFgw4LV-XH4zaQ-t3000x3000.jpg&w=384&q=100:0
[ 1991047ms] [ERROR] Failed to load resource: net::ERR_CONNECTION_REFUSED @ http://localhost:3001/_next/image?url=https%3A%2F%2Fthumbnailer.mixcloud.com%2Funsafe%2F2048x2048%2Fextaudio%2F8%2F6%2F0%2Fc%2F15fa-f023-4b03-bf3e-3c65db7742c0&w=384&q=100:0
[ 1998047ms] [ERROR] Failed to load resource: net::ERR_CONNECTION_REFUSED @ http://localhost:3001/_next/image?url=https%3A%2F%2Fi1.sndcdn.com%2Fartworks-1ho65iks3fsaazXs-yWRYAw-t3000x3000.jpg&w=384&q=100:0
[ 2005049ms] [ERROR] Failed to load resource: net::ERR_CONNECTION_REFUSED @ http://localhost:3001/_next/image?url=https%3A%2F%2Fthumbnailer.mixcloud.com%2Funsafe%2F2048x2048%2Fextaudio%2F0%2F8%2Ff%2Fb%2Fac8c-efa7-4b20-b2a7-9659390dbc2e&w=384&q=100:0
[ 2012049ms] [ERROR] Failed to load resource: net::ERR_CONNECTION_REFUSED @ http://localhost:3001/_next/image?url=https%3A%2F%2Fi1.sndcdn.com%2Fartworks-L89EZ1kH6b58dMC7-IMsphg-t3000x3000.jpg&w=384&q=100:0
[ 2019048ms] [ERROR] Failed to load resource: net::ERR_CONNECTION_REFUSED @ http://localhost:3001/_next/image?url=https%3A%2F%2Fi1.sndcdn.com%2Fartworks-qFZhLVUnA5GYVvMC-xNMGQw-t3000x3000.jpg&w=384&q=100:0
[ 2026048ms] [ERROR] Failed to load resource: net::ERR_CONNECTION_REFUSED @ http://localhost:3001/_next/image?url=https%3A%2F%2Fi1.sndcdn.com%2Fartworks-oZ6GLPgzyfBIqD0v-NBE9rQ-t3000x3000.jpg&w=384&q=100:0
[ 2040048ms] [ERROR] Failed to load resource: net::ERR_CONNECTION_REFUSED @ http://localhost:3001/_next/image?url=https%3A%2F%2Fi1.sndcdn.com%2Fartworks-SomEWSX1kvFgw4LV-XH4zaQ-t3000x3000.jpg&w=384&q=100:0
[ 2047047ms] [ERROR] Failed to load resource: net::ERR_CONNECTION_REFUSED @ http://localhost:3001/_next/image?url=https%3A%2F%2Fthumbnailer.mixcloud.com%2Funsafe%2F2048x2048%2Fextaudio%2F8%2F6%2F0%2Fc%2F15fa-f023-4b03-bf3e-3c65db7742c0&w=384&q=100:0
[ 2054049ms] [ERROR] Failed to load resource: net::ERR_CONNECTION_REFUSED @ http://localhost:3001/_next/image?url=https%3A%2F%2Fi1.sndcdn.com%2Fartworks-1ho65iks3fsaazXs-yWRYAw-t3000x3000.jpg&w=384&q=100:0
[ 2061049ms] [ERROR] Failed to load resource: net::ERR_CONNECTION_REFUSED @ http://localhost:3001/_next/image?url=https%3A%2F%2Fthumbnailer.mixcloud.com%2Funsafe%2F2048x2048%2Fextaudio%2F0%2F8%2Ff%2Fb%2Fac8c-efa7-4b20-b2a7-9659390dbc2e&w=384&q=100:0
[ 2068047ms] [ERROR] Failed to load resource: net::ERR_CONNECTION_REFUSED @ http://localhost:3001/_next/image?url=https%3A%2F%2Fi1.sndcdn.com%2Fartworks-L89EZ1kH6b58dMC7-IMsphg-t3000x3000.jpg&w=384&q=100:0
[ 2075047ms] [ERROR] Failed to load resource: net::ERR_CONNECTION_REFUSED @ http://localhost:3001/_next/image?url=https%3A%2F%2Fi1.sndcdn.com%2Fartworks-qFZhLVUnA5GYVvMC-xNMGQw-t3000x3000.jpg&w=384&q=100:0
[ 2082047ms] [ERROR] Failed to load resource: net::ERR_CONNECTION_REFUSED @ http://localhost:3001/_next/image?url=https%3A%2F%2Fi1.sndcdn.com%2Fartworks-oZ6GLPgzyfBIqD0v-NBE9rQ-t3000x3000.jpg&w=384&q=100:0
[ 2096045ms] [ERROR] Failed to load resource: net::ERR_CONNECTION_REFUSED @ http://localhost:3001/_next/image?url=https%3A%2F%2Fi1.sndcdn.com%2Fartworks-SomEWSX1kvFgw4LV-XH4zaQ-t3000x3000.jpg&w=384&q=100:0
[ 2103048ms] [ERROR] Failed to load resource: net::ERR_CONNECTION_REFUSED @ http://localhost:3001/_next/image?url=https%3A%2F%2Fthumbnailer.mixcloud.com%2Funsafe%2F2048x2048%2Fextaudio%2F8%2F6%2F0%2Fc%2F15fa-f023-4b03-bf3e-3c65db7742c0&w=384&q=100:0
[ 2110047ms] [ERROR] Failed to load resource: net::ERR_CONNECTION_REFUSED @ http://localhost:3001/_next/image?url=https%3A%2F%2Fi1.sndcdn.com%2Fartworks-1ho65iks3fsaazXs-yWRYAw-t3000x3000.jpg&w=384&q=100:0
[ 2117048ms] [ERROR] Failed to load resource: net::ERR_CONNECTION_REFUSED @ http://localhost:3001/_next/image?url=https%3A%2F%2Fthumbnailer.mixcloud.com%2Funsafe%2F2048x2048%2Fextaudio%2F0%2F8%2Ff%2Fb%2Fac8c-efa7-4b20-b2a7-9659390dbc2e&w=384&q=100:0
[ 2124047ms] [ERROR] Failed to load resource: net::ERR_CONNECTION_REFUSED @ http://localhost:3001/_next/image?url=https%3A%2F%2Fi1.sndcdn.com%2Fartworks-L89EZ1kH6b58dMC7-IMsphg-t3000x3000.jpg&w=384&q=100:0
[ 2131048ms] [ERROR] Failed to load resource: net::ERR_CONNECTION_REFUSED @ http://localhost:3001/_next/image?url=https%3A%2F%2Fi1.sndcdn.com%2Fartworks-qFZhLVUnA5GYVvMC-xNMGQw-t3000x3000.jpg&w=384&q=100:0
[ 2138048ms] [ERROR] Failed to load resource: net::ERR_CONNECTION_REFUSED @ http://localhost:3001/_next/image?url=https%3A%2F%2Fi1.sndcdn.com%2Fartworks-oZ6GLPgzyfBIqD0v-NBE9rQ-t3000x3000.jpg&w=384&q=100:0
[ 2152049ms] [ERROR] Failed to load resource: net::ERR_CONNECTION_REFUSED @ http://localhost:3001/_next/image?url=https%3A%2F%2Fi1.sndcdn.com%2Fartworks-SomEWSX1kvFgw4LV-XH4zaQ-t3000x3000.jpg&w=384&q=100:0
[ 2159046ms] [ERROR] Failed to load resource: net::ERR_CONNECTION_REFUSED @ http://localhost:3001/_next/image?url=https%3A%2F%2Fthumbnailer.mixcloud.com%2Funsafe%2F2048x2048%2Fextaudio%2F8%2F6%2F0%2Fc%2F15fa-f023-4b03-bf3e-3c65db7742c0&w=384&q=100:0
[ 2166049ms] [ERROR] Failed to load resource: net::ERR_CONNECTION_REFUSED @ http://localhost:3001/_next/image?url=https%3A%2F%2Fi1.sndcdn.com%2Fartworks-1ho65iks3fsaazXs-yWRYAw-t3000x3000.jpg&w=384&q=100:0
[ 2173049ms] [ERROR] Failed to load resource: net::ERR_CONNECTION_REFUSED @ http://localhost:3001/_next/image?url=https%3A%2F%2Fthumbnailer.mixcloud.com%2Funsafe%2F2048x2048%2Fextaudio%2F0%2F8%2Ff%2Fb%2Fac8c-efa7-4b20-b2a7-9659390dbc2e&w=384&q=100:0
[ 2180051ms] [ERROR] Failed to load resource: net::ERR_CONNECTION_REFUSED @ http://localhost:3001/_next/image?url=https%3A%2F%2Fi1.sndcdn.com%2Fartworks-L89EZ1kH6b58dMC7-IMsphg-t3000x3000.jpg&w=384&q=100:0
[ 2187045ms] [ERROR] Failed to load resource: net::ERR_CONNECTION_REFUSED @ http://localhost:3001/_next/image?url=https%3A%2F%2Fi1.sndcdn.com%2Fartworks-qFZhLVUnA5GYVvMC-xNMGQw-t3000x3000.jpg&w=384&q=100:0
[ 2194046ms] [ERROR] Failed to load resource: net::ERR_CONNECTION_REFUSED @ http://localhost:3001/_next/image?url=https%3A%2F%2Fi1.sndcdn.com%2Fartworks-oZ6GLPgzyfBIqD0v-NBE9rQ-t3000x3000.jpg&w=384&q=100:0
[ 2208055ms] [ERROR] Failed to load resource: net::ERR_CONNECTION_REFUSED @ http://localhost:3001/_next/image?url=https%3A%2F%2Fi1.sndcdn.com%2Fartworks-SomEWSX1kvFgw4LV-XH4zaQ-t3000x3000.jpg&w=384&q=100:0
[ 2215054ms] [ERROR] Failed to load resource: net::ERR_CONNECTION_REFUSED @ http://localhost:3001/_next/image?url=https%3A%2F%2Fthumbnailer.mixcloud.com%2Funsafe%2F2048x2048%2Fextaudio%2F8%2F6%2F0%2Fc%2F15fa-f023-4b03-bf3e-3c65db7742c0&w=384&q=100:0
[ 2222053ms] [ERROR] Failed to load resource: net::ERR_CONNECTION_REFUSED @ http://localhost:3001/_next/image?url=https%3A%2F%2Fi1.sndcdn.com%2Fartworks-1ho65iks3fsaazXs-yWRYAw-t3000x3000.jpg&w=384&q=100:0
[ 2229053ms] [ERROR] Failed to load resource: net::ERR_CONNECTION_REFUSED @ http://localhost:3001/_next/image?url=https%3A%2F%2Fthumbnailer.mixcloud.com%2Funsafe%2F2048x2048%2Fextaudio%2F0%2F8%2Ff%2Fb%2Fac8c-efa7-4b20-b2a7-9659390dbc2e&w=384&q=100:0
[ 2236052ms] [ERROR] Failed to load resource: net::ERR_CONNECTION_REFUSED @ http://localhost:3001/_next/image?url=https%3A%2F%2Fi1.sndcdn.com%2Fartworks-L89EZ1kH6b58dMC7-IMsphg-t3000x3000.jpg&w=384&q=100:0
[ 2243052ms] [ERROR] Failed to load resource: net::ERR_CONNECTION_REFUSED @ http://localhost:3001/_next/image?url=https%3A%2F%2Fi1.sndcdn.com%2Fartworks-qFZhLVUnA5GYVvMC-xNMGQw-t3000x3000.jpg&w=384&q=100:0
[ 2250052ms] [ERROR] Failed to load resource: net::ERR_CONNECTION_REFUSED @ http://localhost:3001/_next/image?url=https%3A%2F%2Fi1.sndcdn.com%2Fartworks-oZ6GLPgzyfBIqD0v-NBE9rQ-t3000x3000.jpg&w=384&q=100:0
[ 2264053ms] [ERROR] Failed to load resource: net::ERR_CONNECTION_REFUSED @ http://localhost:3001/_next/image?url=https%3A%2F%2Fi1.sndcdn.com%2Fartworks-SomEWSX1kvFgw4LV-XH4zaQ-t3000x3000.jpg&w=384&q=100:0
[ 2271053ms] [ERROR] Failed to load resource: net::ERR_CONNECTION_REFUSED @ http://localhost:3001/_next/image?url=https%3A%2F%2Fthumbnailer.mixcloud.com%2Funsafe%2F2048x2048%2Fextaudio%2F8%2F6%2F0%2Fc%2F15fa-f023-4b03-bf3e-3c65db7742c0&w=384&q=100:0
[ 2278053ms] [ERROR] Failed to load resource: net::ERR_CONNECTION_REFUSED @ http://localhost:3001/_next/image?url=https%3A%2F%2Fi1.sndcdn.com%2Fartworks-1ho65iks3fsaazXs-yWRYAw-t3000x3000.jpg&w=384&q=100:0
[ 2285052ms] [ERROR] Failed to load resource: net::ERR_CONNECTION_REFUSED @ http://localhost:3001/_next/image?url=https%3A%2F%2Fthumbnailer.mixcloud.com%2Funsafe%2F2048x2048%2Fextaudio%2F0%2F8%2Ff%2Fb%2Fac8c-efa7-4b20-b2a7-9659390dbc2e&w=384&q=100:0
[ 2292053ms] [ERROR] Failed to load resource: net::ERR_CONNECTION_REFUSED @ http://localhost:3001/_next/image?url=https%3A%2F%2Fi1.sndcdn.com%2Fartworks-L89EZ1kH6b58dMC7-IMsphg-t3000x3000.jpg&w=384&q=100:0
[ 2299049ms] [ERROR] Failed to load resource: net::ERR_CONNECTION_REFUSED @ http://localhost:3001/_next/image?url=https%3A%2F%2Fi1.sndcdn.com%2Fartworks-qFZhLVUnA5GYVvMC-xNMGQw-t3000x3000.jpg&w=384&q=100:0
[ 2306050ms] [ERROR] Failed to load resource: net::ERR_CONNECTION_REFUSED @ http://localhost:3001/_next/image?url=https%3A%2F%2Fi1.sndcdn.com%2Fartworks-oZ6GLPgzyfBIqD0v-NBE9rQ-t3000x3000.jpg&w=384&q=100:0
[ 2320049ms] [ERROR] Failed to load resource: net::ERR_CONNECTION_REFUSED @ http://localhost:3001/_next/image?url=https%3A%2F%2Fi1.sndcdn.com%2Fartworks-SomEWSX1kvFgw4LV-XH4zaQ-t3000x3000.jpg&w=384&q=100:0
[ 2327048ms] [ERROR] Failed to load resource: net::ERR_CONNECTION_REFUSED @ http://localhost:3001/_next/image?url=https%3A%2F%2Fthumbnailer.mixcloud.com%2Funsafe%2F2048x2048%2Fextaudio%2F8%2F6%2F0%2Fc%2F15fa-f023-4b03-bf3e-3c65db7742c0&w=384&q=100:0
[ 2334049ms] [ERROR] Failed to load resource: net::ERR_CONNECTION_REFUSED @ http://localhost:3001/_next/image?url=https%3A%2F%2Fi1.sndcdn.com%2Fartworks-1ho65iks3fsaazXs-yWRYAw-t3000x3000.jpg&w=384&q=100:0
[ 2341048ms] [ERROR] Failed to load resource: net::ERR_CONNECTION_REFUSED @ http://localhost:3001/_next/image?url=https%3A%2F%2Fthumbnailer.mixcloud.com%2Funsafe%2F2048x2048%2Fextaudio%2F0%2F8%2Ff%2Fb%2Fac8c-efa7-4b20-b2a7-9659390dbc2e&w=384&q=100:0
[ 2348049ms] [ERROR] Failed to load resource: net::ERR_CONNECTION_REFUSED @ http://localhost:3001/_next/image?url=https%3A%2F%2Fi1.sndcdn.com%2Fartworks-L89EZ1kH6b58dMC7-IMsphg-t3000x3000.jpg&w=384&q=100:0
[ 2355050ms] [ERROR] Failed to load resource: net::ERR_CONNECTION_REFUSED @ http://localhost:3001/_next/image?url=https%3A%2F%2Fi1.sndcdn.com%2Fartworks-qFZhLVUnA5GYVvMC-xNMGQw-t3000x3000.jpg&w=384&q=100:0
[ 2362049ms] [ERROR] Failed to load resource: net::ERR_CONNECTION_REFUSED @ http://localhost:3001/_next/image?url=https%3A%2F%2Fi1.sndcdn.com%2Fartworks-oZ6GLPgzyfBIqD0v-NBE9rQ-t3000x3000.jpg&w=384&q=100:0
[ 2376048ms] [ERROR] Failed to load resource: net::ERR_CONNECTION_REFUSED @ http://localhost:3001/_next/image?url=https%3A%2F%2Fi1.sndcdn.com%2Fartworks-SomEWSX1kvFgw4LV-XH4zaQ-t3000x3000.jpg&w=384&q=100:0
[ 2383049ms] [ERROR] Failed to load resource: net::ERR_CONNECTION_REFUSED @ http://localhost:3001/_next/image?url=https%3A%2F%2Fthumbnailer.mixcloud.com%2Funsafe%2F2048x2048%2Fextaudio%2F8%2F6%2F0%2Fc%2F15fa-f023-4b03-bf3e-3c65db7742c0&w=384&q=100:0
[ 2390057ms] [ERROR] Failed to load resource: net::ERR_CONNECTION_REFUSED @ http://localhost:3001/_next/image?url=https%3A%2F%2Fi1.sndcdn.com%2Fartworks-1ho65iks3fsaazXs-yWRYAw-t3000x3000.jpg&w=384&q=100:0
[ 2397057ms] [ERROR] Failed to load resource: net::ERR_CONNECTION_REFUSED @ http://localhost:3001/_next/image?url=https%3A%2F%2Fthumbnailer.mixcloud.com%2Funsafe%2F2048x2048%2Fextaudio%2F0%2F8%2Ff%2Fb%2Fac8c-efa7-4b20-b2a7-9659390dbc2e&w=384&q=100:0
[ 2404057ms] [ERROR] Failed to load resource: net::ERR_CONNECTION_REFUSED @ http://localhost:3001/_next/image?url=https%3A%2F%2Fi1.sndcdn.com%2Fartworks-L89EZ1kH6b58dMC7-IMsphg-t3000x3000.jpg&w=384&q=100:0
[ 2411056ms] [ERROR] Failed to load resource: net::ERR_CONNECTION_REFUSED @ http://localhost:3001/_next/image?url=https%3A%2F%2Fi1.sndcdn.com%2Fartworks-qFZhLVUnA5GYVvMC-xNMGQw-t3000x3000.jpg&w=384&q=100:0
[ 2418057ms] [ERROR] Failed to load resource: net::ERR_CONNECTION_REFUSED @ http://localhost:3001/_next/image?url=https%3A%2F%2Fi1.sndcdn.com%2Fartworks-oZ6GLPgzyfBIqD0v-NBE9rQ-t3000x3000.jpg&w=384&q=100:0
[ 2432047ms] [ERROR] Failed to load resource: net::ERR_CONNECTION_REFUSED @ http://localhost:3001/_next/image?url=https%3A%2F%2Fi1.sndcdn.com%2Fartworks-SomEWSX1kvFgw4LV-XH4zaQ-t3000x3000.jpg&w=384&q=100:0
[ 2439057ms] [ERROR] Failed to load resource: net::ERR_CONNECTION_REFUSED @ http://localhost:3001/_next/image?url=https%3A%2F%2Fthumbnailer.mixcloud.com%2Funsafe%2F2048x2048%2Fextaudio%2F8%2F6%2F0%2Fc%2F15fa-f023-4b03-bf3e-3c65db7742c0&w=384&q=100:0
[ 2446057ms] [ERROR] Failed to load resource: net::ERR_CONNECTION_REFUSED @ http://localhost:3001/_next/image?url=https%3A%2F%2Fi1.sndcdn.com%2Fartworks-1ho65iks3fsaazXs-yWRYAw-t3000x3000.jpg&w=384&q=100:0
[ 2453056ms] [ERROR] Failed to load resource: net::ERR_CONNECTION_REFUSED @ http://localhost:3001/_next/image?url=https%3A%2F%2Fthumbnailer.mixcloud.com%2Funsafe%2F2048x2048%2Fextaudio%2F0%2F8%2Ff%2Fb%2Fac8c-efa7-4b20-b2a7-9659390dbc2e&w=384&q=100:0
[ 2460050ms] [ERROR] Failed to load resource: net::ERR_CONNECTION_REFUSED @ http://localhost:3001/_next/image?url=https%3A%2F%2Fi1.sndcdn.com%2Fartworks-L89EZ1kH6b58dMC7-IMsphg-t3000x3000.jpg&w=384&q=100:0
[ 2467056ms] [ERROR] Failed to load resource: net::ERR_CONNECTION_REFUSED @ http://localhost:3001/_next/image?url=https%3A%2F%2Fi1.sndcdn.com%2Fartworks-qFZhLVUnA5GYVvMC-xNMGQw-t3000x3000.jpg&w=384&q=100:0
[ 2474057ms] [ERROR] Failed to load resource: net::ERR_CONNECTION_REFUSED @ http://localhost:3001/_next/image?url=https%3A%2F%2Fi1.sndcdn.com%2Fartworks-oZ6GLPgzyfBIqD0v-NBE9rQ-t3000x3000.jpg&w=384&q=100:0
[ 2488056ms] [ERROR] Failed to load resource: net::ERR_CONNECTION_REFUSED @ http://localhost:3001/_next/image?url=https%3A%2F%2Fi1.sndcdn.com%2Fartworks-SomEWSX1kvFgw4LV-XH4zaQ-t3000x3000.jpg&w=384&q=100:0
[ 2495057ms] [ERROR] Failed to load resource: net::ERR_CONNECTION_REFUSED @ http://localhost:3001/_next/image?url=https%3A%2F%2Fthumbnailer.mixcloud.com%2Funsafe%2F2048x2048%2Fextaudio%2F8%2F6%2F0%2Fc%2F15fa-f023-4b03-bf3e-3c65db7742c0&w=384&q=100:0
[ 2502058ms] [ERROR] Failed to load resource: net::ERR_CONNECTION_REFUSED @ http://localhost:3001/_next/image?url=https%3A%2F%2Fi1.sndcdn.com%2Fartworks-1ho65iks3fsaazXs-yWRYAw-t3000x3000.jpg&w=384&q=100:0
[ 2509057ms] [ERROR] Failed to load resource: net::ERR_CONNECTION_REFUSED @ http://localhost:3001/_next/image?url=https%3A%2F%2Fthumbnailer.mixcloud.com%2Funsafe%2F2048x2048%2Fextaudio%2F0%2F8%2Ff%2Fb%2Fac8c-efa7-4b20-b2a7-9659390dbc2e&w=384&q=100:0
[ 2516057ms] [ERROR] Failed to load resource: net::ERR_CONNECTION_REFUSED @ http://localhost:3001/_next/image?url=https%3A%2F%2Fi1.sndcdn.com%2Fartworks-L89EZ1kH6b58dMC7-IMsphg-t3000x3000.jpg&w=384&q=100:0
[ 2523057ms] [ERROR] Failed to load resource: net::ERR_CONNECTION_REFUSED @ http://localhost:3001/_next/image?url=https%3A%2F%2Fi1.sndcdn.com%2Fartworks-qFZhLVUnA5GYVvMC-xNMGQw-t3000x3000.jpg&w=384&q=100:0
[ 2530057ms] [ERROR] Failed to load resource: net::ERR_CONNECTION_REFUSED @ http://localhost:3001/_next/image?url=https%3A%2F%2Fi1.sndcdn.com%2Fartworks-oZ6GLPgzyfBIqD0v-NBE9rQ-t3000x3000.jpg&w=384&q=100:0
[ 2544051ms] [ERROR] Failed to load resource: net::ERR_CONNECTION_REFUSED @ http://localhost:3001/_next/image?url=https%3A%2F%2Fi1.sndcdn.com%2Fartworks-SomEWSX1kvFgw4LV-XH4zaQ-t3000x3000.jpg&w=384&q=100:0
[ 2551051ms] [ERROR] Failed to load resource: net::ERR_CONNECTION_REFUSED @ http://localhost:3001/_next/image?url=https%3A%2F%2Fthumbnailer.mixcloud.com%2Funsafe%2F2048x2048%2Fextaudio%2F8%2F6%2F0%2Fc%2F15fa-f023-4b03-bf3e-3c65db7742c0&w=384&q=100:0
[ 2558051ms] [ERROR] Failed to load resource: net::ERR_CONNECTION_REFUSED @ http://localhost:3001/_next/image?url=https%3A%2F%2Fi1.sndcdn.com%2Fartworks-1ho65iks3fsaazXs-yWRYAw-t3000x3000.jpg&w=384&q=100:0
[ 2565052ms] [ERROR] Failed to load resource: net::ERR_CONNECTION_REFUSED @ http://localhost:3001/_next/image?url=https%3A%2F%2Fthumbnailer.mixcloud.com%2Funsafe%2F2048x2048%2Fextaudio%2F0%2F8%2Ff%2Fb%2Fac8c-efa7-4b20-b2a7-9659390dbc2e&w=384&q=100:0
[ 2572052ms] [ERROR] Failed to load resource: net::ERR_CONNECTION_REFUSED @ http://localhost:3001/_next/image?url=https%3A%2F%2Fi1.sndcdn.com%2Fartworks-L89EZ1kH6b58dMC7-IMsphg-t3000x3000.jpg&w=384&q=100:0
[ 2579052ms] [ERROR] Failed to load resource: net::ERR_CONNECTION_REFUSED @ http://localhost:3001/_next/image?url=https%3A%2F%2Fi1.sndcdn.com%2Fartworks-qFZhLVUnA5GYVvMC-xNMGQw-t3000x3000.jpg&w=384&q=100:0
[ 2586053ms] [ERROR] Failed to load resource: net::ERR_CONNECTION_REFUSED @ http://localhost:3001/_next/image?url=https%3A%2F%2Fi1.sndcdn.com%2Fartworks-oZ6GLPgzyfBIqD0v-NBE9rQ-t3000x3000.jpg&w=384&q=100:0
[ 2600056ms] [ERROR] Failed to load resource: net::ERR_CONNECTION_REFUSED @ http://localhost:3001/_next/image?url=https%3A%2F%2Fi1.sndcdn.com%2Fartworks-SomEWSX1kvFgw4LV-XH4zaQ-t3000x3000.jpg&w=384&q=100:0
[ 2607050ms] [ERROR] Failed to load resource: net::ERR_CONNECTION_REFUSED @ http://localhost:3001/_next/image?url=https%3A%2F%2Fthumbnailer.mixcloud.com%2Funsafe%2F2048x2048%2Fextaudio%2F8%2F6%2F0%2Fc%2F15fa-f023-4b03-bf3e-3c65db7742c0&w=384&q=100:0
[ 2614062ms] [ERROR] Failed to load resource: net::ERR_CONNECTION_REFUSED @ http://localhost:3001/_next/image?url=https%3A%2F%2Fi1.sndcdn.com%2Fartworks-1ho65iks3fsaazXs-yWRYAw-t3000x3000.jpg&w=384&q=100:0
[ 2621059ms] [ERROR] Failed to load resource: net::ERR_CONNECTION_REFUSED @ http://localhost:3001/_next/image?url=https%3A%2F%2Fthumbnailer.mixcloud.com%2Funsafe%2F2048x2048%2Fextaudio%2F0%2F8%2Ff%2Fb%2Fac8c-efa7-4b20-b2a7-9659390dbc2e&w=384&q=100:0
[ 2628058ms] [ERROR] Failed to load resource: net::ERR_CONNECTION_REFUSED @ http://localhost:3001/_next/image?url=https%3A%2F%2Fi1.sndcdn.com%2Fartworks-L89EZ1kH6b58dMC7-IMsphg-t3000x3000.jpg&w=384&q=100:0
[ 2635051ms] [ERROR] Failed to load resource: net::ERR_CONNECTION_REFUSED @ http://localhost:3001/_next/image?url=https%3A%2F%2Fi1.sndcdn.com%2Fartworks-qFZhLVUnA5GYVvMC-xNMGQw-t3000x3000.jpg&w=384&q=100:0
[ 2642047ms] [ERROR] Failed to load resource: net::ERR_CONNECTION_REFUSED @ http://localhost:3001/_next/image?url=https%3A%2F%2Fi1.sndcdn.com%2Fartworks-oZ6GLPgzyfBIqD0v-NBE9rQ-t3000x3000.jpg&w=384&q=100:0
[ 2656058ms] [ERROR] Failed to load resource: net::ERR_CONNECTION_REFUSED @ http://localhost:3001/_next/image?url=https%3A%2F%2Fi1.sndcdn.com%2Fartworks-SomEWSX1kvFgw4LV-XH4zaQ-t3000x3000.jpg&w=384&q=100:0
[ 2663053ms] [ERROR] Failed to load resource: net::ERR_CONNECTION_REFUSED @ http://localhost:3001/_next/image?url=https%3A%2F%2Fthumbnailer.mixcloud.com%2Funsafe%2F2048x2048%2Fextaudio%2F8%2F6%2F0%2Fc%2F15fa-f023-4b03-bf3e-3c65db7742c0&w=384&q=100:0
[ 2670052ms] [ERROR] Failed to load resource: net::ERR_CONNECTION_REFUSED @ http://localhost:3001/_next/image?url=https%3A%2F%2Fi1.sndcdn.com%2Fartworks-1ho65iks3fsaazXs-yWRYAw-t3000x3000.jpg&w=384&q=100:0
[ 2677054ms] [ERROR] Failed to load resource: net::ERR_CONNECTION_REFUSED @ http://localhost:3001/_next/image?url=https%3A%2F%2Fthumbnailer.mixcloud.com%2Funsafe%2F2048x2048%2Fextaudio%2F0%2F8%2Ff%2Fb%2Fac8c-efa7-4b20-b2a7-9659390dbc2e&w=384&q=100:0
[ 2684053ms] [ERROR] Failed to load resource: net::ERR_CONNECTION_REFUSED @ http://localhost:3001/_next/image?url=https%3A%2F%2Fi1.sndcdn.com%2Fartworks-L89EZ1kH6b58dMC7-IMsphg-t3000x3000.jpg&w=384&q=100:0
[ 2691055ms] [ERROR] Failed to load resource: net::ERR_CONNECTION_REFUSED @ http://localhost:3001/_next/image?url=https%3A%2F%2Fi1.sndcdn.com%2Fartworks-qFZhLVUnA5GYVvMC-xNMGQw-t3000x3000.jpg&w=384&q=100:0
[ 2698048ms] [ERROR] Failed to load resource: net::ERR_CONNECTION_REFUSED @ http://localhost:3001/_next/image?url=https%3A%2F%2Fi1.sndcdn.com%2Fartworks-oZ6GLPgzyfBIqD0v-NBE9rQ-t3000x3000.jpg&w=384&q=100:0
[ 2712049ms] [ERROR] Failed to load resource: net::ERR_CONNECTION_REFUSED @ http://localhost:3001/_next/image?url=https%3A%2F%2Fi1.sndcdn.com%2Fartworks-SomEWSX1kvFgw4LV-XH4zaQ-t3000x3000.jpg&w=384&q=100:0
[ 2719048ms] [ERROR] Failed to load resource: net::ERR_CONNECTION_REFUSED @ http://localhost:3001/_next/image?url=https%3A%2F%2Fthumbnailer.mixcloud.com%2Funsafe%2F2048x2048%2Fextaudio%2F8%2F6%2F0%2Fc%2F15fa-f023-4b03-bf3e-3c65db7742c0&w=384&q=100:0
[ 2726048ms] [ERROR] Failed to load resource: net::ERR_CONNECTION_REFUSED @ http://localhost:3001/_next/image?url=https%3A%2F%2Fi1.sndcdn.com%2Fartworks-1ho65iks3fsaazXs-yWRYAw-t3000x3000.jpg&w=384&q=100:0
[ 2733048ms] [ERROR] Failed to load resource: net::ERR_CONNECTION_REFUSED @ http://localhost:3001/_next/image?url=https%3A%2F%2Fthumbnailer.mixcloud.com%2Funsafe%2F2048x2048%2Fextaudio%2F0%2F8%2Ff%2Fb%2Fac8c-efa7-4b20-b2a7-9659390dbc2e&w=384&q=100:0
[ 2740048ms] [ERROR] Failed to load resource: net::ERR_CONNECTION_REFUSED @ http://localhost:3001/_next/image?url=https%3A%2F%2Fi1.sndcdn.com%2Fartworks-L89EZ1kH6b58dMC7-IMsphg-t3000x3000.jpg&w=384&q=100:0
[ 2747057ms] [ERROR] Failed to load resource: net::ERR_CONNECTION_REFUSED @ http://localhost:3001/_next/image?url=https%3A%2F%2Fi1.sndcdn.com%2Fartworks-qFZhLVUnA5GYVvMC-xNMGQw-t3000x3000.jpg&w=384&q=100:0
[ 2754048ms] [ERROR] Failed to load resource: net::ERR_CONNECTION_REFUSED @ http://localhost:3001/_next/image?url=https%3A%2F%2Fi1.sndcdn.com%2Fartworks-oZ6GLPgzyfBIqD0v-NBE9rQ-t3000x3000.jpg&w=384&q=100:0
[ 2768057ms] [ERROR] Failed to load resource: net::ERR_CONNECTION_REFUSED @ http://localhost:3001/_next/image?url=https%3A%2F%2Fi1.sndcdn.com%2Fartworks-SomEWSX1kvFgw4LV-XH4zaQ-t3000x3000.jpg&w=384&q=100:0
[ 2775051ms] [ERROR] Failed to load resource: net::ERR_CONNECTION_REFUSED @ http://localhost:3001/_next/image?url=https%3A%2F%2Fthumbnailer.mixcloud.com%2Funsafe%2F2048x2048%2Fextaudio%2F8%2F6%2F0%2Fc%2F15fa-f023-4b03-bf3e-3c65db7742c0&w=384&q=100:0
[ 2782055ms] [ERROR] Failed to load resource: net::ERR_CONNECTION_REFUSED @ http://localhost:3001/_next/image?url=https%3A%2F%2Fi1.sndcdn.com%2Fartworks-1ho65iks3fsaazXs-yWRYAw-t3000x3000.jpg&w=384&q=100:0
[ 2789048ms] [ERROR] Failed to load resource: net::ERR_CONNECTION_REFUSED @ http://localhost:3001/_next/image?url=https%3A%2F%2Fthumbnailer.mixcloud.com%2Funsafe%2F2048x2048%2Fextaudio%2F0%2F8%2Ff%2Fb%2Fac8c-efa7-4b20-b2a7-9659390dbc2e&w=384&q=100:0
[ 2796057ms] [ERROR] Failed to load resource: net::ERR_CONNECTION_REFUSED @ http://localhost:3001/_next/image?url=https%3A%2F%2Fi1.sndcdn.com%2Fartworks-L89EZ1kH6b58dMC7-IMsphg-t3000x3000.jpg&w=384&q=100:0
[ 2803049ms] [ERROR] Failed to load resource: net::ERR_CONNECTION_REFUSED @ http://localhost:3001/_next/image?url=https%3A%2F%2Fi1.sndcdn.com%2Fartworks-qFZhLVUnA5GYVvMC-xNMGQw-t3000x3000.jpg&w=384&q=100:0
[ 2810057ms] [ERROR] Failed to load resource: net::ERR_CONNECTION_REFUSED @ http://localhost:3001/_next/image?url=https%3A%2F%2Fi1.sndcdn.com%2Fartworks-oZ6GLPgzyfBIqD0v-NBE9rQ-t3000x3000.jpg&w=384&q=100:0
[ 2824057ms] [ERROR] Failed to load resource: net::ERR_CONNECTION_REFUSED @ http://localhost:3001/_next/image?url=https%3A%2F%2Fi1.sndcdn.com%2Fartworks-SomEWSX1kvFgw4LV-XH4zaQ-t3000x3000.jpg&w=384&q=100:0
[ 2831057ms] [ERROR] Failed to load resource: net::ERR_CONNECTION_REFUSED @ http://localhost:3001/_next/image?url=https%3A%2F%2Fthumbnailer.mixcloud.com%2Funsafe%2F2048x2048%2Fextaudio%2F8%2F6%2F0%2Fc%2F15fa-f023-4b03-bf3e-3c65db7742c0&w=384&q=100:0
[ 2838057ms] [ERROR] Failed to load resource: net::ERR_CONNECTION_REFUSED @ http://localhost:3001/_next/image?url=https%3A%2F%2Fi1.sndcdn.com%2Fartworks-1ho65iks3fsaazXs-yWRYAw-t3000x3000.jpg&w=384&q=100:0
[ 2845049ms] [ERROR] Failed to load resource: net::ERR_CONNECTION_REFUSED @ http://localhost:3001/_next/image?url=https%3A%2F%2Fthumbnailer.mixcloud.com%2Funsafe%2F2048x2048%2Fextaudio%2F0%2F8%2Ff%2Fb%2Fac8c-efa7-4b20-b2a7-9659390dbc2e&w=384&q=100:0
[ 2852049ms] [ERROR] Failed to load resource: net::ERR_CONNECTION_REFUSED @ http://localhost:3001/_next/image?url=https%3A%2F%2Fi1.sndcdn.com%2Fartworks-L89EZ1kH6b58dMC7-IMsphg-t3000x3000.jpg&w=384&q=100:0
[ 2859057ms] [ERROR] Failed to load resource: net::ERR_CONNECTION_REFUSED @ http://localhost:3001/_next/image?url=https%3A%2F%2Fi1.sndcdn.com%2Fartworks-qFZhLVUnA5GYVvMC-xNMGQw-t3000x3000.jpg&w=384&q=100:0
[ 2866057ms] [ERROR] Failed to load resource: net::ERR_CONNECTION_REFUSED @ http://localhost:3001/_next/image?url=https%3A%2F%2Fi1.sndcdn.com%2Fartworks-oZ6GLPgzyfBIqD0v-NBE9rQ-t3000x3000.jpg&w=384&q=100:0
[ 2880056ms] [ERROR] Failed to load resource: net::ERR_CONNECTION_REFUSED @ http://localhost:3001/_next/image?url=https%3A%2F%2Fi1.sndcdn.com%2Fartworks-SomEWSX1kvFgw4LV-XH4zaQ-t3000x3000.jpg&w=384&q=100:0
[ 2887057ms] [ERROR] Failed to load resource: net::ERR_CONNECTION_REFUSED @ http://localhost:3001/_next/image?url=https%3A%2F%2Fthumbnailer.mixcloud.com%2Funsafe%2F2048x2048%2Fextaudio%2F8%2F6%2F0%2Fc%2F15fa-f023-4b03-bf3e-3c65db7742c0&w=384&q=100:0
[ 2894054ms] [ERROR] Failed to load resource: net::ERR_CONNECTION_REFUSED @ http://localhost:3001/_next/image?url=https%3A%2F%2Fi1.sndcdn.com%2Fartworks-1ho65iks3fsaazXs-yWRYAw-t3000x3000.jpg&w=384&q=100:0
[ 2901057ms] [ERROR] Failed to load resource: net::ERR_CONNECTION_REFUSED @ http://localhost:3001/_next/image?url=https%3A%2F%2Fthumbnailer.mixcloud.com%2Funsafe%2F2048x2048%2Fextaudio%2F0%2F8%2Ff%2Fb%2Fac8c-efa7-4b20-b2a7-9659390dbc2e&w=384&q=100:0
[ 2908057ms] [ERROR] Failed to load resource: net::ERR_CONNECTION_REFUSED @ http://localhost:3001/_next/image?url=https%3A%2F%2Fi1.sndcdn.com%2Fartworks-L89EZ1kH6b58dMC7-IMsphg-t3000x3000.jpg&w=384&q=100:0
[ 2915056ms] [ERROR] Failed to load resource: net::ERR_CONNECTION_REFUSED @ http://localhost:3001/_next/image?url=https%3A%2F%2Fi1.sndcdn.com%2Fartworks-qFZhLVUnA5GYVvMC-xNMGQw-t3000x3000.jpg&w=384&q=100:0
[ 2922057ms] [ERROR] Failed to load resource: net::ERR_CONNECTION_REFUSED @ http://localhost:3001/_next/image?url=https%3A%2F%2Fi1.sndcdn.com%2Fartworks-oZ6GLPgzyfBIqD0v-NBE9rQ-t3000x3000.jpg&w=384&q=100:0
[ 2936059ms] [ERROR] Failed to load resource: net::ERR_CONNECTION_REFUSED @ http://localhost:3001/_next/image?url=https%3A%2F%2Fi1.sndcdn.com%2Fartworks-SomEWSX1kvFgw4LV-XH4zaQ-t3000x3000.jpg&w=384&q=100:0
[ 2943052ms] [ERROR] Failed to load resource: net::ERR_CONNECTION_REFUSED @ http://localhost:3001/_next/image?url=https%3A%2F%2Fthumbnailer.mixcloud.com%2Funsafe%2F2048x2048%2Fextaudio%2F8%2F6%2F0%2Fc%2F15fa-f023-4b03-bf3e-3c65db7742c0&w=384&q=100:0
[ 2950060ms] [ERROR] Failed to load resource: net::ERR_CONNECTION_REFUSED @ http://localhost:3001/_next/image?url=https%3A%2F%2Fi1.sndcdn.com%2Fartworks-1ho65iks3fsaazXs-yWRYAw-t3000x3000.jpg&w=384&q=100:0
[ 2957056ms] [ERROR] Failed to load resource: net::ERR_CONNECTION_REFUSED @ http://localhost:3001/_next/image?url=https%3A%2F%2Fthumbnailer.mixcloud.com%2Funsafe%2F2048x2048%2Fextaudio%2F0%2F8%2Ff%2Fb%2Fac8c-efa7-4b20-b2a7-9659390dbc2e&w=384&q=100:0
[ 2964057ms] [ERROR] Failed to load resource: net::ERR_CONNECTION_REFUSED @ http://localhost:3001/_next/image?url=https%3A%2F%2Fi1.sndcdn.com%2Fartworks-L89EZ1kH6b58dMC7-IMsphg-t3000x3000.jpg&w=384&q=100:0
[ 2971049ms] [ERROR] Failed to load resource: net::ERR_CONNECTION_REFUSED @ http://localhost:3001/_next/image?url=https%3A%2F%2Fi1.sndcdn.com%2Fartworks-qFZhLVUnA5GYVvMC-xNMGQw-t3000x3000.jpg&w=384&q=100:0
[ 2978049ms] [ERROR] Failed to load resource: net::ERR_CONNECTION_REFUSED @ http://localhost:3001/_next/image?url=https%3A%2F%2Fi1.sndcdn.com%2Fartworks-oZ6GLPgzyfBIqD0v-NBE9rQ-t3000x3000.jpg&w=384&q=100:0
[ 2992057ms] [ERROR] Failed to load resource: net::ERR_CONNECTION_REFUSED @ http://localhost:3001/_next/image?url=https%3A%2F%2Fi1.sndcdn.com%2Fartworks-SomEWSX1kvFgw4LV-XH4zaQ-t3000x3000.jpg&w=384&q=100:0
[ 2999058ms] [ERROR] Failed to load resource: net::ERR_CONNECTION_REFUSED @ http://localhost:3001/_next/image?url=https%3A%2F%2Fthumbnailer.mixcloud.com%2Funsafe%2F2048x2048%2Fextaudio%2F8%2F6%2F0%2Fc%2F15fa-f023-4b03-bf3e-3c65db7742c0&w=384&q=100:0
[ 3006055ms] [ERROR] Failed to load resource: net::ERR_CONNECTION_REFUSED @ http://localhost:3001/_next/image?url=https%3A%2F%2Fi1.sndcdn.com%2Fartworks-1ho65iks3fsaazXs-yWRYAw-t3000x3000.jpg&w=384&q=100:0
[ 3013057ms] [ERROR] Failed to load resource: net::ERR_CONNECTION_REFUSED @ http://localhost:3001/_next/image?url=https%3A%2F%2Fthumbnailer.mixcloud.com%2Funsafe%2F2048x2048%2Fextaudio%2F0%2F8%2Ff%2Fb%2Fac8c-efa7-4b20-b2a7-9659390dbc2e&w=384&q=100:0
[ 3020058ms] [ERROR] Failed to load resource: net::ERR_CONNECTION_REFUSED @ http://localhost:3001/_next/image?url=https%3A%2F%2Fi1.sndcdn.com%2Fartworks-L89EZ1kH6b58dMC7-IMsphg-t3000x3000.jpg&w=384&q=100:0
[ 3027056ms] [ERROR] Failed to load resource: net::ERR_CONNECTION_REFUSED @ http://localhost:3001/_next/image?url=https%3A%2F%2Fi1.sndcdn.com%2Fartworks-qFZhLVUnA5GYVvMC-xNMGQw-t3000x3000.jpg&w=384&q=100:0
[ 3034056ms] [ERROR] Failed to load resource: net::ERR_CONNECTION_REFUSED @ http://localhost:3001/_next/image?url=https%3A%2F%2Fi1.sndcdn.com%2Fartworks-oZ6GLPgzyfBIqD0v-NBE9rQ-t3000x3000.jpg&w=384&q=100:0
[ 3048057ms] [ERROR] Failed to load resource: net::ERR_CONNECTION_REFUSED @ http://localhost:3001/_next/image?url=https%3A%2F%2Fi1.sndcdn.com%2Fartworks-SomEWSX1kvFgw4LV-XH4zaQ-t3000x3000.jpg&w=384&q=100:0
[ 3055058ms] [ERROR] Failed to load resource: net::ERR_CONNECTION_REFUSED @ http://localhost:3001/_next/image?url=https%3A%2F%2Fthumbnailer.mixcloud.com%2Funsafe%2F2048x2048%2Fextaudio%2F8%2F6%2F0%2Fc%2F15fa-f023-4b03-bf3e-3c65db7742c0&w=384&q=100:0
[ 3062057ms] [ERROR] Failed to load resource: net::ERR_CONNECTION_REFUSED @ http://localhost:3001/_next/image?url=https%3A%2F%2Fi1.sndcdn.com%2Fartworks-1ho65iks3fsaazXs-yWRYAw-t3000x3000.jpg&w=384&q=100:0
[ 3069058ms] [ERROR] Failed to load resource: net::ERR_CONNECTION_REFUSED @ http://localhost:3001/_next/image?url=https%3A%2F%2Fthumbnailer.mixcloud.com%2Funsafe%2F2048x2048%2Fextaudio%2F0%2F8%2Ff%2Fb%2Fac8c-efa7-4b20-b2a7-9659390dbc2e&w=384&q=100:0
[ 3076057ms] [ERROR] Failed to load resource: net::ERR_CONNECTION_REFUSED @ http://localhost:3001/_next/image?url=https%3A%2F%2Fi1.sndcdn.com%2Fartworks-L89EZ1kH6b58dMC7-IMsphg-t3000x3000.jpg&w=384&q=100:0
[ 3083055ms] [ERROR] Failed to load resource: net::ERR_CONNECTION_REFUSED @ http://localhost:3001/_next/image?url=https%3A%2F%2Fi1.sndcdn.com%2Fartworks-qFZhLVUnA5GYVvMC-xNMGQw-t3000x3000.jpg&w=384&q=100:0
[ 3090057ms] [ERROR] Failed to load resource: net::ERR_CONNECTION_REFUSED @ http://localhost:3001/_next/image?url=https%3A%2F%2Fi1.sndcdn.com%2Fartworks-oZ6GLPgzyfBIqD0v-NBE9rQ-t3000x3000.jpg&w=384&q=100:0
[ 3104057ms] [ERROR] Failed to load resource: net::ERR_CONNECTION_REFUSED @ http://localhost:3001/_next/image?url=https%3A%2F%2Fi1.sndcdn.com%2Fartworks-SomEWSX1kvFgw4LV-XH4zaQ-t3000x3000.jpg&w=384&q=100:0
[ 3111057ms] [ERROR] Failed to load resource: net::ERR_CONNECTION_REFUSED @ http://localhost:3001/_next/image?url=https%3A%2F%2Fthumbnailer.mixcloud.com%2Funsafe%2F2048x2048%2Fextaudio%2F8%2F6%2F0%2Fc%2F15fa-f023-4b03-bf3e-3c65db7742c0&w=384&q=100:0
[ 3118058ms] [ERROR] Failed to load resource: net::ERR_CONNECTION_REFUSED @ http://localhost:3001/_next/image?url=https%3A%2F%2Fi1.sndcdn.com%2Fartworks-1ho65iks3fsaazXs-yWRYAw-t3000x3000.jpg&w=384&q=100:0
[ 3125056ms] [ERROR] Failed to load resource: net::ERR_CONNECTION_REFUSED @ http://localhost:3001/_next/image?url=https%3A%2F%2Fthumbnailer.mixcloud.com%2Funsafe%2F2048x2048%2Fextaudio%2F0%2F8%2Ff%2Fb%2Fac8c-efa7-4b20-b2a7-9659390dbc2e&w=384&q=100:0
[ 3132057ms] [ERROR] Failed to load resource: net::ERR_CONNECTION_REFUSED @ http://localhost:3001/_next/image?url=https%3A%2F%2Fi1.sndcdn.com%2Fartworks-L89EZ1kH6b58dMC7-IMsphg-t3000x3000.jpg&w=384&q=100:0
[ 3139058ms] [ERROR] Failed to load resource: net::ERR_CONNECTION_REFUSED @ http://localhost:3001/_next/image?url=https%3A%2F%2Fi1.sndcdn.com%2Fartworks-qFZhLVUnA5GYVvMC-xNMGQw-t3000x3000.jpg&w=384&q=100:0
[ 3146055ms] [ERROR] Failed to load resource: net::ERR_CONNECTION_REFUSED @ http://localhost:3001/_next/image?url=https%3A%2F%2Fi1.sndcdn.com%2Fartworks-oZ6GLPgzyfBIqD0v-NBE9rQ-t3000x3000.jpg&w=384&q=100:0
[ 3160052ms] [ERROR] Failed to load resource: net::ERR_CONNECTION_REFUSED @ http://localhost:3001/_next/image?url=https%3A%2F%2Fi1.sndcdn.com%2Fartworks-SomEWSX1kvFgw4LV-XH4zaQ-t3000x3000.jpg&w=384&q=100:0
[ 3167058ms] [ERROR] Failed to load resource: net::ERR_CONNECTION_REFUSED @ http://localhost:3001/_next/image?url=https%3A%2F%2Fthumbnailer.mixcloud.com%2Funsafe%2F2048x2048%2Fextaudio%2F8%2F6%2F0%2Fc%2F15fa-f023-4b03-bf3e-3c65db7742c0&w=384&q=100:0
[ 3174052ms] [ERROR] Failed to load resource: net::ERR_CONNECTION_REFUSED @ http://localhost:3001/_next/image?url=https%3A%2F%2Fi1.sndcdn.com%2Fartworks-1ho65iks3fsaazXs-yWRYAw-t3000x3000.jpg&w=384&q=100:0
[ 3181058ms] [ERROR] Failed to load resource: net::ERR_CONNECTION_REFUSED @ http://localhost:3001/_next/image?url=https%3A%2F%2Fthumbnailer.mixcloud.com%2Funsafe%2F2048x2048%2Fextaudio%2F0%2F8%2Ff%2Fb%2Fac8c-efa7-4b20-b2a7-9659390dbc2e&w=384&q=100:0
[ 3188057ms] [ERROR] Failed to load resource: net::ERR_CONNECTION_REFUSED @ http://localhost:3001/_next/image?url=https%3A%2F%2Fi1.sndcdn.com%2Fartworks-L89EZ1kH6b58dMC7-IMsphg-t3000x3000.jpg&w=384&q=100:0
[ 3195053ms] [ERROR] Failed to load resource: net::ERR_CONNECTION_REFUSED @ http://localhost:3001/_next/image?url=https%3A%2F%2Fi1.sndcdn.com%2Fartworks-qFZhLVUnA5GYVvMC-xNMGQw-t3000x3000.jpg&w=384&q=100:0
[ 3202057ms] [ERROR] Failed to load resource: net::ERR_CONNECTION_REFUSED @ http://localhost:3001/_next/image?url=https%3A%2F%2Fi1.sndcdn.com%2Fartworks-oZ6GLPgzyfBIqD0v-NBE9rQ-t3000x3000.jpg&w=384&q=100:0
[ 3216058ms] [ERROR] Failed to load resource: net::ERR_CONNECTION_REFUSED @ http://localhost:3001/_next/image?url=https%3A%2F%2Fi1.sndcdn.com%2Fartworks-SomEWSX1kvFgw4LV-XH4zaQ-t3000x3000.jpg&w=384&q=100:0
[ 3223057ms] [ERROR] Failed to load resource: net::ERR_CONNECTION_REFUSED @ http://localhost:3001/_next/image?url=https%3A%2F%2Fthumbnailer.mixcloud.com%2Funsafe%2F2048x2048%2Fextaudio%2F8%2F6%2F0%2Fc%2F15fa-f023-4b03-bf3e-3c65db7742c0&w=384&q=100:0
[ 3230055ms] [ERROR] Failed to load resource: net::ERR_CONNECTION_REFUSED @ http://localhost:3001/_next/image?url=https%3A%2F%2Fi1.sndcdn.com%2Fartworks-1ho65iks3fsaazXs-yWRYAw-t3000x3000.jpg&w=384&q=100:0
[ 3237057ms] [ERROR] Failed to load resource: net::ERR_CONNECTION_REFUSED @ http://localhost:3001/_next/image?url=https%3A%2F%2Fthumbnailer.mixcloud.com%2Funsafe%2F2048x2048%2Fextaudio%2F0%2F8%2Ff%2Fb%2Fac8c-efa7-4b20-b2a7-9659390dbc2e&w=384&q=100:0
[ 3244053ms] [ERROR] Failed to load resource: net::ERR_CONNECTION_REFUSED @ http://localhost:3001/_next/image?url=https%3A%2F%2Fi1.sndcdn.com%2Fartworks-L89EZ1kH6b58dMC7-IMsphg-t3000x3000.jpg&w=384&q=100:0
[ 3251056ms] [ERROR] Failed to load resource: net::ERR_CONNECTION_REFUSED @ http://localhost:3001/_next/image?url=https%3A%2F%2Fi1.sndcdn.com%2Fartworks-qFZhLVUnA5GYVvMC-xNMGQw-t3000x3000.jpg&w=384&q=100:0
[ 3258058ms] [ERROR] Failed to load resource: net::ERR_CONNECTION_REFUSED @ http://localhost:3001/_next/image?url=https%3A%2F%2Fi1.sndcdn.com%2Fartworks-oZ6GLPgzyfBIqD0v-NBE9rQ-t3000x3000.jpg&w=384&q=100:0
[ 3272053ms] [ERROR] Failed to load resource: net::ERR_CONNECTION_REFUSED @ http://localhost:3001/_next/image?url=https%3A%2F%2Fi1.sndcdn.com%2Fartworks-SomEWSX1kvFgw4LV-XH4zaQ-t3000x3000.jpg&w=384&q=100:0
[ 3279058ms] [ERROR] Failed to load resource: net::ERR_CONNECTION_REFUSED @ http://localhost:3001/_next/image?url=https%3A%2F%2Fthumbnailer.mixcloud.com%2Funsafe%2F2048x2048%2Fextaudio%2F8%2F6%2F0%2Fc%2F15fa-f023-4b03-bf3e-3c65db7742c0&w=384&q=100:0
[ 3286053ms] [ERROR] Failed to load resource: net::ERR_CONNECTION_REFUSED @ http://localhost:3001/_next/image?url=https%3A%2F%2Fi1.sndcdn.com%2Fartworks-1ho65iks3fsaazXs-yWRYAw-t3000x3000.jpg&w=384&q=100:0
[ 3293056ms] [ERROR] Failed to load resource: net::ERR_CONNECTION_REFUSED @ http://localhost:3001/_next/image?url=https%3A%2F%2Fthumbnailer.mixcloud.com%2Funsafe%2F2048x2048%2Fextaudio%2F0%2F8%2Ff%2Fb%2Fac8c-efa7-4b20-b2a7-9659390dbc2e&w=384&q=100:0
[ 3300053ms] [ERROR] Failed to load resource: net::ERR_CONNECTION_REFUSED @ http://localhost:3001/_next/image?url=https%3A%2F%2Fi1.sndcdn.com%2Fartworks-L89EZ1kH6b58dMC7-IMsphg-t3000x3000.jpg&w=384&q=100:0
[ 3307054ms] [ERROR] Failed to load resource: net::ERR_CONNECTION_REFUSED @ http://localhost:3001/_next/image?url=https%3A%2F%2Fi1.sndcdn.com%2Fartworks-qFZhLVUnA5GYVvMC-xNMGQw-t3000x3000.jpg&w=384&q=100:0
[ 3314053ms] [ERROR] Failed to load resource: net::ERR_CONNECTION_REFUSED @ http://localhost:3001/_next/image?url=https%3A%2F%2Fi1.sndcdn.com%2Fartworks-oZ6GLPgzyfBIqD0v-NBE9rQ-t3000x3000.jpg&w=384&q=100:0
[ 3328060ms] [ERROR] Failed to load resource: net::ERR_CONNECTION_REFUSED @ http://localhost:3001/_next/image?url=https%3A%2F%2Fi1.sndcdn.com%2Fartworks-SomEWSX1kvFgw4LV-XH4zaQ-t3000x3000.jpg&w=384&q=100:0
[ 3335060ms] [ERROR] Failed to load resource: net::ERR_CONNECTION_REFUSED @ http://localhost:3001/_next/image?url=https%3A%2F%2Fthumbnailer.mixcloud.com%2Funsafe%2F2048x2048%2Fextaudio%2F8%2F6%2F0%2Fc%2F15fa-f023-4b03-bf3e-3c65db7742c0&w=384&q=100:0
[ 3342060ms] [ERROR] Failed to load resource: net::ERR_CONNECTION_REFUSED @ http://localhost:3001/_next/image?url=https%3A%2F%2Fi1.sndcdn.com%2Fartworks-1ho65iks3fsaazXs-yWRYAw-t3000x3000.jpg&w=384&q=100:0
[ 3349057ms] [ERROR] Failed to load resource: net::ERR_CONNECTION_REFUSED @ http://localhost:3001/_next/image?url=https%3A%2F%2Fthumbnailer.mixcloud.com%2Funsafe%2F2048x2048%2Fextaudio%2F0%2F8%2Ff%2Fb%2Fac8c-efa7-4b20-b2a7-9659390dbc2e&w=384&q=100:0
[ 3356058ms] [ERROR] Failed to load resource: net::ERR_CONNECTION_REFUSED @ http://localhost:3001/_next/image?url=https%3A%2F%2Fi1.sndcdn.com%2Fartworks-L89EZ1kH6b58dMC7-IMsphg-t3000x3000.jpg&w=384&q=100:0
[ 3363054ms] [ERROR] Failed to load resource: net::ERR_CONNECTION_REFUSED @ http://localhost:3001/_next/image?url=https%3A%2F%2Fi1.sndcdn.com%2Fartworks-qFZhLVUnA5GYVvMC-xNMGQw-t3000x3000.jpg&w=384&q=100:0
[ 3370058ms] [ERROR] Failed to load resource: net::ERR_CONNECTION_REFUSED @ http://localhost:3001/_next/image?url=https%3A%2F%2Fi1.sndcdn.com%2Fartworks-oZ6GLPgzyfBIqD0v-NBE9rQ-t3000x3000.jpg&w=384&q=100:0
[ 3384060ms] [ERROR] Failed to load resource: net::ERR_CONNECTION_REFUSED @ http://localhost:3001/_next/image?url=https%3A%2F%2Fi1.sndcdn.com%2Fartworks-SomEWSX1kvFgw4LV-XH4zaQ-t3000x3000.jpg&w=384&q=100:0
[ 3391053ms] [ERROR] Failed to load resource: net::ERR_CONNECTION_REFUSED @ http://localhost:3001/_next/image?url=https%3A%2F%2Fthumbnailer.mixcloud.com%2Funsafe%2F2048x2048%2Fextaudio%2F8%2F6%2F0%2Fc%2F15fa-f023-4b03-bf3e-3c65db7742c0&w=384&q=100:0
[ 3398055ms] [ERROR] Failed to load resource: net::ERR_CONNECTION_REFUSED @ http://localhost:3001/_next/image?url=https%3A%2F%2Fi1.sndcdn.com%2Fartworks-1ho65iks3fsaazXs-yWRYAw-t3000x3000.jpg&w=384&q=100:0
[ 3405057ms] [ERROR] Failed to load resource: net::ERR_CONNECTION_REFUSED @ http://localhost:3001/_next/image?url=https%3A%2F%2Fthumbnailer.mixcloud.com%2Funsafe%2F2048x2048%2Fextaudio%2F0%2F8%2Ff%2Fb%2Fac8c-efa7-4b20-b2a7-9659390dbc2e&w=384&q=100:0
[ 3412057ms] [ERROR] Failed to load resource: net::ERR_CONNECTION_REFUSED @ http://localhost:3001/_next/image?url=https%3A%2F%2Fi1.sndcdn.com%2Fartworks-L89EZ1kH6b58dMC7-IMsphg-t3000x3000.jpg&w=384&q=100:0
[ 3419057ms] [ERROR] Failed to load resource: net::ERR_CONNECTION_REFUSED @ http://localhost:3001/_next/image?url=https%3A%2F%2Fi1.sndcdn.com%2Fartworks-qFZhLVUnA5GYVvMC-xNMGQw-t3000x3000.jpg&w=384&q=100:0
[ 3426058ms] [ERROR] Failed to load resource: net::ERR_CONNECTION_REFUSED @ http://localhost:3001/_next/image?url=https%3A%2F%2Fi1.sndcdn.com%2Fartworks-oZ6GLPgzyfBIqD0v-NBE9rQ-t3000x3000.jpg&w=384&q=100:0
[ 3440058ms] [ERROR] Failed to load resource: net::ERR_CONNECTION_REFUSED @ http://localhost:3001/_next/image?url=https%3A%2F%2Fi1.sndcdn.com%2Fartworks-SomEWSX1kvFgw4LV-XH4zaQ-t3000x3000.jpg&w=384&q=100:0
[ 3447055ms] [ERROR] Failed to load resource: net::ERR_CONNECTION_REFUSED @ http://localhost:3001/_next/image?url=https%3A%2F%2Fthumbnailer.mixcloud.com%2Funsafe%2F2048x2048%2Fextaudio%2F8%2F6%2F0%2Fc%2F15fa-f023-4b03-bf3e-3c65db7742c0&w=384&q=100:0
[ 3454058ms] [ERROR] Failed to load resource: net::ERR_CONNECTION_REFUSED @ http://localhost:3001/_next/image?url=https%3A%2F%2Fi1.sndcdn.com%2Fartworks-1ho65iks3fsaazXs-yWRYAw-t3000x3000.jpg&w=384&q=100:0
[ 3461053ms] [ERROR] Failed to load resource: net::ERR_CONNECTION_REFUSED @ http://localhost:3001/_next/image?url=https%3A%2F%2Fthumbnailer.mixcloud.com%2Funsafe%2F2048x2048%2Fextaudio%2F0%2F8%2Ff%2Fb%2Fac8c-efa7-4b20-b2a7-9659390dbc2e&w=384&q=100:0
[ 3468054ms] [ERROR] Failed to load resource: net::ERR_CONNECTION_REFUSED @ http://localhost:3001/_next/image?url=https%3A%2F%2Fi1.sndcdn.com%2Fartworks-L89EZ1kH6b58dMC7-IMsphg-t3000x3000.jpg&w=384&q=100:0
[ 3475054ms] [ERROR] Failed to load resource: net::ERR_CONNECTION_REFUSED @ http://localhost:3001/_next/image?url=https%3A%2F%2Fi1.sndcdn.com%2Fartworks-qFZhLVUnA5GYVvMC-xNMGQw-t3000x3000.jpg&w=384&q=100:0
[ 3482055ms] [ERROR] Failed to load resource: net::ERR_CONNECTION_REFUSED @ http://localhost:3001/_next/image?url=https%3A%2F%2Fi1.sndcdn.com%2Fartworks-oZ6GLPgzyfBIqD0v-NBE9rQ-t3000x3000.jpg&w=384&q=100:0
[ 3496054ms] [ERROR] Failed to load resource: net::ERR_CONNECTION_REFUSED @ http://localhost:3001/_next/image?url=https%3A%2F%2Fi1.sndcdn.com%2Fartworks-SomEWSX1kvFgw4LV-XH4zaQ-t3000x3000.jpg&w=384&q=100:0
[ 3503058ms] [ERROR] Failed to load resource: net::ERR_CONNECTION_REFUSED @ http://localhost:3001/_next/image?url=https%3A%2F%2Fthumbnailer.mixcloud.com%2Funsafe%2F2048x2048%2Fextaudio%2F8%2F6%2F0%2Fc%2F15fa-f023-4b03-bf3e-3c65db7742c0&w=384&q=100:0
[ 3510054ms] [ERROR] Failed to load resource: net::ERR_CONNECTION_REFUSED @ http://localhost:3001/_next/image?url=https%3A%2F%2Fi1.sndcdn.com%2Fartworks-1ho65iks3fsaazXs-yWRYAw-t3000x3000.jpg&w=384&q=100:0
[ 3517054ms] [ERROR] Failed to load resource: net::ERR_CONNECTION_REFUSED @ http://localhost:3001/_next/image?url=https%3A%2F%2Fthumbnailer.mixcloud.com%2Funsafe%2F2048x2048%2Fextaudio%2F0%2F8%2Ff%2Fb%2Fac8c-efa7-4b20-b2a7-9659390dbc2e&w=384&q=100:0
[ 3524054ms] [ERROR] Failed to load resource: net::ERR_CONNECTION_REFUSED @ http://localhost:3001/_next/image?url=https%3A%2F%2Fi1.sndcdn.com%2Fartworks-L89EZ1kH6b58dMC7-IMsphg-t3000x3000.jpg&w=384&q=100:0
[ 3531063ms] [ERROR] Failed to load resource: net::ERR_CONNECTION_REFUSED @ http://localhost:3001/_next/image?url=https%3A%2F%2Fi1.sndcdn.com%2Fartworks-qFZhLVUnA5GYVvMC-xNMGQw-t3000x3000.jpg&w=384&q=100:0
[ 3538054ms] [ERROR] Failed to load resource: net::ERR_CONNECTION_REFUSED @ http://localhost:3001/_next/image?url=https%3A%2F%2Fi1.sndcdn.com%2Fartworks-oZ6GLPgzyfBIqD0v-NBE9rQ-t3000x3000.jpg&w=384&q=100:0
[ 3552050ms] [ERROR] Failed to load resource: net::ERR_CONNECTION_REFUSED @ http://localhost:3001/_next/image?url=https%3A%2F%2Fi1.sndcdn.com%2Fartworks-SomEWSX1kvFgw4LV-XH4zaQ-t3000x3000.jpg&w=384&q=100:0
[ 3559043ms] [ERROR] Failed to load resource: net::ERR_CONNECTION_REFUSED @ http://localhost:3001/_next/image?url=https%3A%2F%2Fthumbnailer.mixcloud.com%2Funsafe%2F2048x2048%2Fextaudio%2F8%2F6%2F0%2Fc%2F15fa-f023-4b03-bf3e-3c65db7742c0&w=384&q=100:0
[ 3566047ms] [ERROR] Failed to load resource: net::ERR_CONNECTION_REFUSED @ http://localhost:3001/_next/image?url=https%3A%2F%2Fi1.sndcdn.com%2Fartworks-1ho65iks3fsaazXs-yWRYAw-t3000x3000.jpg&w=384&q=100:0
[ 3573046ms] [ERROR] Failed to load resource: net::ERR_CONNECTION_REFUSED @ http://localhost:3001/_next/image?url=https%3A%2F%2Fthumbnailer.mixcloud.com%2Funsafe%2F2048x2048%2Fextaudio%2F0%2F8%2Ff%2Fb%2Fac8c-efa7-4b20-b2a7-9659390dbc2e&w=384&q=100:0
[ 3580042ms] [ERROR] Failed to load resource: net::ERR_CONNECTION_REFUSED @ http://localhost:3001/_next/image?url=https%3A%2F%2Fi1.sndcdn.com%2Fartworks-L89EZ1kH6b58dMC7-IMsphg-t3000x3000.jpg&w=384&q=100:0
[ 3587041ms] [ERROR] Failed to load resource: net::ERR_CONNECTION_REFUSED @ http://localhost:3001/_next/image?url=https%3A%2F%2Fi1.sndcdn.com%2Fartworks-qFZhLVUnA5GYVvMC-xNMGQw-t3000x3000.jpg&w=384&q=100:0
[ 3594041ms] [ERROR] Failed to load resource: net::ERR_CONNECTION_REFUSED @ http://localhost:3001/_next/image?url=https%3A%2F%2Fi1.sndcdn.com%2Fartworks-oZ6GLPgzyfBIqD0v-NBE9rQ-t3000x3000.jpg&w=384&q=100:0
[ 3608040ms] [ERROR] Failed to load resource: net::ERR_CONNECTION_REFUSED @ http://localhost:3001/_next/image?url=https%3A%2F%2Fi1.sndcdn.com%2Fartworks-SomEWSX1kvFgw4LV-XH4zaQ-t3000x3000.jpg&w=384&q=100:0
[ 3615040ms] [ERROR] Failed to load resource: net::ERR_CONNECTION_REFUSED @ http://localhost:3001/_next/image?url=https%3A%2F%2Fthumbnailer.mixcloud.com%2Funsafe%2F2048x2048%2Fextaudio%2F8%2F6%2F0%2Fc%2F15fa-f023-4b03-bf3e-3c65db7742c0&w=384&q=100:0
[ 3622040ms] [ERROR] Failed to load resource: net::ERR_CONNECTION_REFUSED @ http://localhost:3001/_next/image?url=https%3A%2F%2Fi1.sndcdn.com%2Fartworks-1ho65iks3fsaazXs-yWRYAw-t3000x3000.jpg&w=384&q=100:0
[ 3629040ms] [ERROR] Failed to load resource: net::ERR_CONNECTION_REFUSED @ http://localhost:3001/_next/image?url=https%3A%2F%2Fthumbnailer.mixcloud.com%2Funsafe%2F2048x2048%2Fextaudio%2F0%2F8%2Ff%2Fb%2Fac8c-efa7-4b20-b2a7-9659390dbc2e&w=384&q=100:0
[ 3636040ms] [ERROR] Failed to load resource: net::ERR_CONNECTION_REFUSED @ http://localhost:3001/_next/image?url=https%3A%2F%2Fi1.sndcdn.com%2Fartworks-L89EZ1kH6b58dMC7-IMsphg-t3000x3000.jpg&w=384&q=100:0
[ 3643041ms] [ERROR] Failed to load resource: net::ERR_CONNECTION_REFUSED @ http://localhost:3001/_next/image?url=https%3A%2F%2Fi1.sndcdn.com%2Fartworks-qFZhLVUnA5GYVvMC-xNMGQw-t3000x3000.jpg&w=384&q=100:0
[ 3650041ms] [ERROR] Failed to load resource: net::ERR_CONNECTION_REFUSED @ http://localhost:3001/_next/image?url=https%3A%2F%2Fi1.sndcdn.com%2Fartworks-oZ6GLPgzyfBIqD0v-NBE9rQ-t3000x3000.jpg&w=384&q=100:0
[ 3664041ms] [ERROR] Failed to load resource: net::ERR_CONNECTION_REFUSED @ http://localhost:3001/_next/image?url=https%3A%2F%2Fi1.sndcdn.com%2Fartworks-SomEWSX1kvFgw4LV-XH4zaQ-t3000x3000.jpg&w=384&q=100:0
[ 3671048ms] [ERROR] Failed to load resource: net::ERR_CONNECTION_REFUSED @ http://localhost:3001/_next/image?url=https%3A%2F%2Fthumbnailer.mixcloud.com%2Funsafe%2F2048x2048%2Fextaudio%2F8%2F6%2F0%2Fc%2F15fa-f023-4b03-bf3e-3c65db7742c0&w=384&q=100:0
[ 3678040ms] [ERROR] Failed to load resource: net::ERR_CONNECTION_REFUSED @ http://localhost:3001/_next/image?url=https%3A%2F%2Fi1.sndcdn.com%2Fartworks-1ho65iks3fsaazXs-yWRYAw-t3000x3000.jpg&w=384&q=100:0
[ 3685040ms] [ERROR] Failed to load resource: net::ERR_CONNECTION_REFUSED @ http://localhost:3001/_next/image?url=https%3A%2F%2Fthumbnailer.mixcloud.com%2Funsafe%2F2048x2048%2Fextaudio%2F0%2F8%2Ff%2Fb%2Fac8c-efa7-4b20-b2a7-9659390dbc2e&w=384&q=100:0
[ 3692040ms] [ERROR] Failed to load resource: net::ERR_CONNECTION_REFUSED @ http://localhost:3001/_next/image?url=https%3A%2F%2Fi1.sndcdn.com%2Fartworks-L89EZ1kH6b58dMC7-IMsphg-t3000x3000.jpg&w=384&q=100:0
[ 3699040ms] [ERROR] Failed to load resource: net::ERR_CONNECTION_REFUSED @ http://localhost:3001/_next/image?url=https%3A%2F%2Fi1.sndcdn.com%2Fartworks-qFZhLVUnA5GYVvMC-xNMGQw-t3000x3000.jpg&w=384&q=100:0
[ 3706040ms] [ERROR] Failed to load resource: net::ERR_CONNECTION_REFUSED @ http://localhost:3001/_next/image?url=https%3A%2F%2Fi1.sndcdn.com%2Fartworks-oZ6GLPgzyfBIqD0v-NBE9rQ-t3000x3000.jpg&w=384&q=100:0
[ 3720040ms] [ERROR] Failed to load resource: net::ERR_CONNECTION_REFUSED @ http://localhost:3001/_next/image?url=https%3A%2F%2Fi1.sndcdn.com%2Fartworks-SomEWSX1kvFgw4LV-XH4zaQ-t3000x3000.jpg&w=384&q=100:0
[ 3727040ms] [ERROR] Failed to load resource: net::ERR_CONNECTION_REFUSED @ http://localhost:3001/_next/image?url=https%3A%2F%2Fthumbnailer.mixcloud.com%2Funsafe%2F2048x2048%2Fextaudio%2F8%2F6%2F0%2Fc%2F15fa-f023-4b03-bf3e-3c65db7742c0&w=384&q=100:0
[ 3734041ms] [ERROR] Failed to load resource: net::ERR_CONNECTION_REFUSED @ http://localhost:3001/_next/image?url=https%3A%2F%2Fi1.sndcdn.com%2Fartworks-1ho65iks3fsaazXs-yWRYAw-t3000x3000.jpg&w=384&q=100:0
[ 3741040ms] [ERROR] Failed to load resource: net::ERR_CONNECTION_REFUSED @ http://localhost:3001/_next/image?url=https%3A%2F%2Fthumbnailer.mixcloud.com%2Funsafe%2F2048x2048%2Fextaudio%2F0%2F8%2Ff%2Fb%2Fac8c-efa7-4b20-b2a7-9659390dbc2e&w=384&q=100:0
[ 3748047ms] [ERROR] Failed to load resource: net::ERR_CONNECTION_REFUSED @ http://localhost:3001/_next/image?url=https%3A%2F%2Fi1.sndcdn.com%2Fartworks-L89EZ1kH6b58dMC7-IMsphg-t3000x3000.jpg&w=384&q=100:0
[ 3755049ms] [ERROR] Failed to load resource: net::ERR_CONNECTION_REFUSED @ http://localhost:3001/_next/image?url=https%3A%2F%2Fi1.sndcdn.com%2Fartworks-qFZhLVUnA5GYVvMC-xNMGQw-t3000x3000.jpg&w=384&q=100:0
[ 3762048ms] [ERROR] Failed to load resource: net::ERR_CONNECTION_REFUSED @ http://localhost:3001/_next/image?url=https%3A%2F%2Fi1.sndcdn.com%2Fartworks-oZ6GLPgzyfBIqD0v-NBE9rQ-t3000x3000.jpg&w=384&q=100:0
[ 3776047ms] [ERROR] Failed to load resource: net::ERR_CONNECTION_REFUSED @ http://localhost:3001/_next/image?url=https%3A%2F%2Fi1.sndcdn.com%2Fartworks-SomEWSX1kvFgw4LV-XH4zaQ-t3000x3000.jpg&w=384&q=100:0
[ 3783038ms] [ERROR] Failed to load resource: net::ERR_CONNECTION_REFUSED @ http://localhost:3001/_next/image?url=https%3A%2F%2Fthumbnailer.mixcloud.com%2Funsafe%2F2048x2048%2Fextaudio%2F8%2F6%2F0%2Fc%2F15fa-f023-4b03-bf3e-3c65db7742c0&w=384&q=100:0
[ 3790047ms] [ERROR] Failed to load resource: net::ERR_CONNECTION_REFUSED @ http://localhost:3001/_next/image?url=https%3A%2F%2Fi1.sndcdn.com%2Fartworks-1ho65iks3fsaazXs-yWRYAw-t3000x3000.jpg&w=384&q=100:0
[ 3797046ms] [ERROR] Failed to load resource: net::ERR_CONNECTION_REFUSED @ http://localhost:3001/_next/image?url=https%3A%2F%2Fthumbnailer.mixcloud.com%2Funsafe%2F2048x2048%2Fextaudio%2F0%2F8%2Ff%2Fb%2Fac8c-efa7-4b20-b2a7-9659390dbc2e&w=384&q=100:0
[ 3804040ms] [ERROR] Failed to load resource: net::ERR_CONNECTION_REFUSED @ http://localhost:3001/_next/image?url=https%3A%2F%2Fi1.sndcdn.com%2Fartworks-L89EZ1kH6b58dMC7-IMsphg-t3000x3000.jpg&w=384&q=100:0
[ 3811048ms] [ERROR] Failed to load resource: net::ERR_CONNECTION_REFUSED @ http://localhost:3001/_next/image?url=https%3A%2F%2Fi1.sndcdn.com%2Fartworks-qFZhLVUnA5GYVvMC-xNMGQw-t3000x3000.jpg&w=384&q=100:0
[ 3818040ms] [ERROR] Failed to load resource: net::ERR_CONNECTION_REFUSED @ http://localhost:3001/_next/image?url=https%3A%2F%2Fi1.sndcdn.com%2Fartworks-oZ6GLPgzyfBIqD0v-NBE9rQ-t3000x3000.jpg&w=384&q=100:0
[ 3832048ms] [ERROR] Failed to load resource: net::ERR_CONNECTION_REFUSED @ http://localhost:3001/_next/image?url=https%3A%2F%2Fi1.sndcdn.com%2Fartworks-SomEWSX1kvFgw4LV-XH4zaQ-t3000x3000.jpg&w=384&q=100:0
[ 3839048ms] [ERROR] Failed to load resource: net::ERR_CONNECTION_REFUSED @ http://localhost:3001/_next/image?url=https%3A%2F%2Fthumbnailer.mixcloud.com%2Funsafe%2F2048x2048%2Fextaudio%2F8%2F6%2F0%2Fc%2F15fa-f023-4b03-bf3e-3c65db7742c0&w=384&q=100:0
[ 3846049ms] [ERROR] Failed to load resource: net::ERR_CONNECTION_REFUSED @ http://localhost:3001/_next/image?url=https%3A%2F%2Fi1.sndcdn.com%2Fartworks-1ho65iks3fsaazXs-yWRYAw-t3000x3000.jpg&w=384&q=100:0
[ 3853047ms] [ERROR] Failed to load resource: net::ERR_CONNECTION_REFUSED @ http://localhost:3001/_next/image?url=https%3A%2F%2Fthumbnailer.mixcloud.com%2Funsafe%2F2048x2048%2Fextaudio%2F0%2F8%2Ff%2Fb%2Fac8c-efa7-4b20-b2a7-9659390dbc2e&w=384&q=100:0
[ 3860048ms] [ERROR] Failed to load resource: net::ERR_CONNECTION_REFUSED @ http://localhost:3001/_next/image?url=https%3A%2F%2Fi1.sndcdn.com%2Fartworks-L89EZ1kH6b58dMC7-IMsphg-t3000x3000.jpg&w=384&q=100:0
[ 3867049ms] [ERROR] Failed to load resource: net::ERR_CONNECTION_REFUSED @ http://localhost:3001/_next/image?url=https%3A%2F%2Fi1.sndcdn.com%2Fartworks-qFZhLVUnA5GYVvMC-xNMGQw-t3000x3000.jpg&w=384&q=100:0
[ 3874043ms] [ERROR] Failed to load resource: net::ERR_CONNECTION_REFUSED @ http://localhost:3001/_next/image?url=https%3A%2F%2Fi1.sndcdn.com%2Fartworks-oZ6GLPgzyfBIqD0v-NBE9rQ-t3000x3000.jpg&w=384&q=100:0
[ 3888048ms] [ERROR] Failed to load resource: net::ERR_CONNECTION_REFUSED @ http://localhost:3001/_next/image?url=https%3A%2F%2Fi1.sndcdn.com%2Fartworks-SomEWSX1kvFgw4LV-XH4zaQ-t3000x3000.jpg&w=384&q=100:0
[ 3895040ms] [ERROR] Failed to load resource: net::ERR_CONNECTION_REFUSED @ http://localhost:3001/_next/image?url=https%3A%2F%2Fthumbnailer.mixcloud.com%2Funsafe%2F2048x2048%2Fextaudio%2F8%2F6%2F0%2Fc%2F15fa-f023-4b03-bf3e-3c65db7742c0&w=384&q=100:0
[ 3902040ms] [ERROR] Failed to load resource: net::ERR_CONNECTION_REFUSED @ http://localhost:3001/_next/image?url=https%3A%2F%2Fi1.sndcdn.com%2Fartworks-1ho65iks3fsaazXs-yWRYAw-t3000x3000.jpg&w=384&q=100:0
[ 3909048ms] [ERROR] Failed to load resource: net::ERR_CONNECTION_REFUSED @ http://localhost:3001/_next/image?url=https%3A%2F%2Fthumbnailer.mixcloud.com%2Funsafe%2F2048x2048%2Fextaudio%2F0%2F8%2Ff%2Fb%2Fac8c-efa7-4b20-b2a7-9659390dbc2e&w=384&q=100:0
[ 3916048ms] [ERROR] Failed to load resource: net::ERR_CONNECTION_REFUSED @ http://localhost:3001/_next/image?url=https%3A%2F%2Fi1.sndcdn.com%2Fartworks-L89EZ1kH6b58dMC7-IMsphg-t3000x3000.jpg&w=384&q=100:0
[ 3923047ms] [ERROR] Failed to load resource: net::ERR_CONNECTION_REFUSED @ http://localhost:3001/_next/image?url=https%3A%2F%2Fi1.sndcdn.com%2Fartworks-qFZhLVUnA5GYVvMC-xNMGQw-t3000x3000.jpg&w=384&q=100:0
[ 3930048ms] [ERROR] Failed to load resource: net::ERR_CONNECTION_REFUSED @ http://localhost:3001/_next/image?url=https%3A%2F%2Fi1.sndcdn.com%2Fartworks-oZ6GLPgzyfBIqD0v-NBE9rQ-t3000x3000.jpg&w=384&q=100:0
[ 3944048ms] [ERROR] Failed to load resource: net::ERR_CONNECTION_REFUSED @ http://localhost:3001/_next/image?url=https%3A%2F%2Fi1.sndcdn.com%2Fartworks-SomEWSX1kvFgw4LV-XH4zaQ-t3000x3000.jpg&w=384&q=100:0
[ 3951048ms] [ERROR] Failed to load resource: net::ERR_CONNECTION_REFUSED @ http://localhost:3001/_next/image?url=https%3A%2F%2Fthumbnailer.mixcloud.com%2Funsafe%2F2048x2048%2Fextaudio%2F8%2F6%2F0%2Fc%2F15fa-f023-4b03-bf3e-3c65db7742c0&w=384&q=100:0
[ 3958049ms] [ERROR] Failed to load resource: net::ERR_CONNECTION_REFUSED @ http://localhost:3001/_next/image?url=https%3A%2F%2Fi1.sndcdn.com%2Fartworks-1ho65iks3fsaazXs-yWRYAw-t3000x3000.jpg&w=384&q=100:0
[ 3965048ms] [ERROR] Failed to load resource: net::ERR_CONNECTION_REFUSED @ http://localhost:3001/_next/image?url=https%3A%2F%2Fthumbnailer.mixcloud.com%2Funsafe%2F2048x2048%2Fextaudio%2F0%2F8%2Ff%2Fb%2Fac8c-efa7-4b20-b2a7-9659390dbc2e&w=384&q=100:0
[ 3972047ms] [ERROR] Failed to load resource: net::ERR_CONNECTION_REFUSED @ http://localhost:3001/_next/image?url=https%3A%2F%2Fi1.sndcdn.com%2Fartworks-L89EZ1kH6b58dMC7-IMsphg-t3000x3000.jpg&w=384&q=100:0
[ 3979048ms] [ERROR] Failed to load resource: net::ERR_CONNECTION_REFUSED @ http://localhost:3001/_next/image?url=https%3A%2F%2Fi1.sndcdn.com%2Fartworks-qFZhLVUnA5GYVvMC-xNMGQw-t3000x3000.jpg&w=384&q=100:0
[ 3986048ms] [ERROR] Failed to load resource: net::ERR_CONNECTION_REFUSED @ http://localhost:3001/_next/image?url=https%3A%2F%2Fi1.sndcdn.com%2Fartworks-oZ6GLPgzyfBIqD0v-NBE9rQ-t3000x3000.jpg&w=384&q=100:0
[ 4000048ms] [ERROR] Failed to load resource: net::ERR_CONNECTION_REFUSED @ http://localhost:3001/_next/image?url=https%3A%2F%2Fi1.sndcdn.com%2Fartworks-SomEWSX1kvFgw4LV-XH4zaQ-t3000x3000.jpg&w=384&q=100:0
[ 4007047ms] [ERROR] Failed to load resource: net::ERR_CONNECTION_REFUSED @ http://localhost:3001/_next/image?url=https%3A%2F%2Fthumbnailer.mixcloud.com%2Funsafe%2F2048x2048%2Fextaudio%2F8%2F6%2F0%2Fc%2F15fa-f023-4b03-bf3e-3c65db7742c0&w=384&q=100:0
[ 4014047ms] [ERROR] Failed to load resource: net::ERR_CONNECTION_REFUSED @ http://localhost:3001/_next/image?url=https%3A%2F%2Fi1.sndcdn.com%2Fartworks-1ho65iks3fsaazXs-yWRYAw-t3000x3000.jpg&w=384&q=100:0
[ 4021047ms] [ERROR] Failed to load resource: net::ERR_CONNECTION_REFUSED @ http://localhost:3001/_next/image?url=https%3A%2F%2Fthumbnailer.mixcloud.com%2Funsafe%2F2048x2048%2Fextaudio%2F0%2F8%2Ff%2Fb%2Fac8c-efa7-4b20-b2a7-9659390dbc2e&w=384&q=100:0
[ 4028048ms] [ERROR] Failed to load resource: net::ERR_CONNECTION_REFUSED @ http://localhost:3001/_next/image?url=https%3A%2F%2Fi1.sndcdn.com%2Fartworks-L89EZ1kH6b58dMC7-IMsphg-t3000x3000.jpg&w=384&q=100:0
[ 4035048ms] [ERROR] Failed to load resource: net::ERR_CONNECTION_REFUSED @ http://localhost:3001/_next/image?url=https%3A%2F%2Fi1.sndcdn.com%2Fartworks-qFZhLVUnA5GYVvMC-xNMGQw-t3000x3000.jpg&w=384&q=100:0
[ 4042048ms] [ERROR] Failed to load resource: net::ERR_CONNECTION_REFUSED @ http://localhost:3001/_next/image?url=https%3A%2F%2Fi1.sndcdn.com%2Fartworks-oZ6GLPgzyfBIqD0v-NBE9rQ-t3000x3000.jpg&w=384&q=100:0
[ 4056047ms] [ERROR] Failed to load resource: net::ERR_CONNECTION_REFUSED @ http://localhost:3001/_next/image?url=https%3A%2F%2Fi1.sndcdn.com%2Fartworks-SomEWSX1kvFgw4LV-XH4zaQ-t3000x3000.jpg&w=384&q=100:0
[ 4063048ms] [ERROR] Failed to load resource: net::ERR_CONNECTION_REFUSED @ http://localhost:3001/_next/image?url=https%3A%2F%2Fthumbnailer.mixcloud.com%2Funsafe%2F2048x2048%2Fextaudio%2F8%2F6%2F0%2Fc%2F15fa-f023-4b03-bf3e-3c65db7742c0&w=384&q=100:0
[ 4070047ms] [ERROR] Failed to load resource: net::ERR_CONNECTION_REFUSED @ http://localhost:3001/_next/image?url=https%3A%2F%2Fi1.sndcdn.com%2Fartworks-1ho65iks3fsaazXs-yWRYAw-t3000x3000.jpg&w=384&q=100:0
[ 4077046ms] [ERROR] Failed to load resource: net::ERR_CONNECTION_REFUSED @ http://localhost:3001/_next/image?url=https%3A%2F%2Fthumbnailer.mixcloud.com%2Funsafe%2F2048x2048%2Fextaudio%2F0%2F8%2Ff%2Fb%2Fac8c-efa7-4b20-b2a7-9659390dbc2e&w=384&q=100:0
[ 4084047ms] [ERROR] Failed to load resource: net::ERR_CONNECTION_REFUSED @ http://localhost:3001/_next/image?url=https%3A%2F%2Fi1.sndcdn.com%2Fartworks-L89EZ1kH6b58dMC7-IMsphg-t3000x3000.jpg&w=384&q=100:0
[ 4091047ms] [ERROR] Failed to load resource: net::ERR_CONNECTION_REFUSED @ http://localhost:3001/_next/image?url=https%3A%2F%2Fi1.sndcdn.com%2Fartworks-qFZhLVUnA5GYVvMC-xNMGQw-t3000x3000.jpg&w=384&q=100:0
[ 4098047ms] [ERROR] Failed to load resource: net::ERR_CONNECTION_REFUSED @ http://localhost:3001/_next/image?url=https%3A%2F%2Fi1.sndcdn.com%2Fartworks-oZ6GLPgzyfBIqD0v-NBE9rQ-t3000x3000.jpg&w=384&q=100:0
[ 4112048ms] [ERROR] Failed to load resource: net::ERR_CONNECTION_REFUSED @ http://localhost:3001/_next/image?url=https%3A%2F%2Fi1.sndcdn.com%2Fartworks-SomEWSX1kvFgw4LV-XH4zaQ-t3000x3000.jpg&w=384&q=100:0
[ 4119047ms] [ERROR] Failed to load resource: net::ERR_CONNECTION_REFUSED @ http://localhost:3001/_next/image?url=https%3A%2F%2Fthumbnailer.mixcloud.com%2Funsafe%2F2048x2048%2Fextaudio%2F8%2F6%2F0%2Fc%2F15fa-f023-4b03-bf3e-3c65db7742c0&w=384&q=100:0
[ 4126043ms] [ERROR] Failed to load resource: net::ERR_CONNECTION_REFUSED @ http://localhost:3001/_next/image?url=https%3A%2F%2Fi1.sndcdn.com%2Fartworks-1ho65iks3fsaazXs-yWRYAw-t3000x3000.jpg&w=384&q=100:0
[ 4133043ms] [ERROR] Failed to load resource: net::ERR_CONNECTION_REFUSED @ http://localhost:3001/_next/image?url=https%3A%2F%2Fthumbnailer.mixcloud.com%2Funsafe%2F2048x2048%2Fextaudio%2F0%2F8%2Ff%2Fb%2Fac8c-efa7-4b20-b2a7-9659390dbc2e&w=384&q=100:0
[ 4140044ms] [ERROR] Failed to load resource: net::ERR_CONNECTION_REFUSED @ http://localhost:3001/_next/image?url=https%3A%2F%2Fi1.sndcdn.com%2Fartworks-L89EZ1kH6b58dMC7-IMsphg-t3000x3000.jpg&w=384&q=100:0
[ 4147047ms] [ERROR] Failed to load resource: net::ERR_CONNECTION_REFUSED @ http://localhost:3001/_next/image?url=https%3A%2F%2Fi1.sndcdn.com%2Fartworks-qFZhLVUnA5GYVvMC-xNMGQw-t3000x3000.jpg&w=384&q=100:0
[ 5222383ms] [ERROR] Failed to load resource: net::ERR_CONNECTION_REFUSED @ http://localhost:3001/_next/image?url=https%3A%2F%2Fi1.sndcdn.com%2Fartworks-oZ6GLPgzyfBIqD0v-NBE9rQ-t3000x3000.jpg&w=384&q=100:0
[ 5236378ms] [ERROR] Failed to load resource: net::ERR_CONNECTION_REFUSED @ http://localhost:3001/_next/image?url=https%3A%2F%2Fi1.sndcdn.com%2Fartworks-SomEWSX1kvFgw4LV-XH4zaQ-t3000x3000.jpg&w=384&q=100:0
[ 5243380ms] [ERROR] Failed to load resource: net::ERR_CONNECTION_REFUSED @ http://localhost:3001/_next/image?url=https%3A%2F%2Fthumbnailer.mixcloud.com%2Funsafe%2F2048x2048%2Fextaudio%2F8%2F6%2F0%2Fc%2F15fa-f023-4b03-bf3e-3c65db7742c0&w=384&q=100:0
[ 5250388ms] [ERROR] Failed to load resource: net::ERR_CONNECTION_REFUSED @ http://localhost:3001/_next/image?url=https%3A%2F%2Fi1.sndcdn.com%2Fartworks-1ho65iks3fsaazXs-yWRYAw-t3000x3000.jpg&w=384&q=100:0
[ 5257373ms] [ERROR] Failed to load resource: net::ERR_CONNECTION_REFUSED @ http://localhost:3001/_next/image?url=https%3A%2F%2Fthumbnailer.mixcloud.com%2Funsafe%2F2048x2048%2Fextaudio%2F0%2F8%2Ff%2Fb%2Fac8c-efa7-4b20-b2a7-9659390dbc2e&w=384&q=100:0
[ 5264374ms] [ERROR] Failed to load resource: net::ERR_CONNECTION_REFUSED @ http://localhost:3001/_next/image?url=https%3A%2F%2Fi1.sndcdn.com%2Fartworks-L89EZ1kH6b58dMC7-IMsphg-t3000x3000.jpg&w=384&q=100:0
[ 5271374ms] [ERROR] Failed to load resource: net::ERR_CONNECTION_REFUSED @ http://localhost:3001/_next/image?url=https%3A%2F%2Fi1.sndcdn.com%2Fartworks-qFZhLVUnA5GYVvMC-xNMGQw-t3000x3000.jpg&w=384&q=100:0
[ 5278373ms] [ERROR] Failed to load resource: net::ERR_CONNECTION_REFUSED @ http://localhost:3001/_next/image?url=https%3A%2F%2Fi1.sndcdn.com%2Fartworks-oZ6GLPgzyfBIqD0v-NBE9rQ-t3000x3000.jpg&w=384&q=100:0
[ 5292372ms] [ERROR] Failed to load resource: net::ERR_CONNECTION_REFUSED @ http://localhost:3001/_next/image?url=https%3A%2F%2Fi1.sndcdn.com%2Fartworks-SomEWSX1kvFgw4LV-XH4zaQ-t3000x3000.jpg&w=384&q=100:0
[ 5299371ms] [ERROR] Failed to load resource: net::ERR_CONNECTION_REFUSED @ http://localhost:3001/_next/image?url=https%3A%2F%2Fthumbnailer.mixcloud.com%2Funsafe%2F2048x2048%2Fextaudio%2F8%2F6%2F0%2Fc%2F15fa-f023-4b03-bf3e-3c65db7742c0&w=384&q=100:0
[ 5306373ms] [ERROR] Failed to load resource: net::ERR_CONNECTION_REFUSED @ http://localhost:3001/_next/image?url=https%3A%2F%2Fi1.sndcdn.com%2Fartworks-1ho65iks3fsaazXs-yWRYAw-t3000x3000.jpg&w=384&q=100:0
[ 6352864ms] [ERROR] Failed to load resource: net::ERR_CONNECTION_REFUSED @ http://localhost:3001/_next/image?url=https%3A%2F%2Fthumbnailer.mixcloud.com%2Funsafe%2F2048x2048%2Fextaudio%2F0%2F8%2Ff%2Fb%2Fac8c-efa7-4b20-b2a7-9659390dbc2e&w=384&q=100:0
[ 7393499ms] [ERROR] Failed to load resource: net::ERR_CONNECTION_REFUSED @ http://localhost:3001/_next/image?url=https%3A%2F%2Fi1.sndcdn.com%2Fartworks-L89EZ1kH6b58dMC7-IMsphg-t3000x3000.jpg&w=384&q=100:0
[ 9274879ms] [ERROR] Failed to load resource: net::ERR_CONNECTION_REFUSED @ http://localhost:3001/_next/image?url=https%3A%2F%2Fi1.sndcdn.com%2Fartworks-qFZhLVUnA5GYVvMC-xNMGQw-t3000x3000.jpg&w=384&q=100:0
[ 9281880ms] [ERROR] Failed to load resource: net::ERR_CONNECTION_REFUSED @ http://localhost:3001/_next/image?url=https%3A%2F%2Fi1.sndcdn.com%2Fartworks-oZ6GLPgzyfBIqD0v-NBE9rQ-t3000x3000.jpg&w=384&q=100:0
[ 9295889ms] [ERROR] Failed to load resource: net::ERR_CONNECTION_REFUSED @ http://localhost:3001/_next/image?url=https%3A%2F%2Fi1.sndcdn.com%2Fartworks-SomEWSX1kvFgw4LV-XH4zaQ-t3000x3000.jpg&w=384&q=100:0
[ 9302893ms] [ERROR] Failed to load resource: net::ERR_CONNECTION_REFUSED @ http://localhost:3001/_next/image?url=https%3A%2F%2Fthumbnailer.mixcloud.com%2Funsafe%2F2048x2048%2Fextaudio%2F8%2F6%2F0%2Fc%2F15fa-f023-4b03-bf3e-3c65db7742c0&w=384&q=100:0
[10333768ms] [ERROR] Failed to load resource: net::ERR_CONNECTION_REFUSED @ http://localhost:3001/_next/image?url=https%3A%2F%2Fi1.sndcdn.com%2Fartworks-1ho65iks3fsaazXs-yWRYAw-t3000x3000.jpg&w=384&q=100:0
[11288494ms] [ERROR] Failed to load resource: net::ERR_CONNECTION_REFUSED @ http://localhost:3001/_next/image?url=https%3A%2F%2Fthumbnailer.mixcloud.com%2Funsafe%2F2048x2048%2Fextaudio%2F0%2F8%2Ff%2Fb%2Fac8c-efa7-4b20-b2a7-9659390dbc2e&w=384&q=100:0
[11409130ms] [ERROR] Failed to load resource: net::ERR_CONNECTION_REFUSED @ http://localhost:3001/_next/image?url=https%3A%2F%2Fi1.sndcdn.com%2Fartworks-L89EZ1kH6b58dMC7-IMsphg-t3000x3000.jpg&w=384&q=100:0
[11416127ms] [ERROR] Failed to load resource: net::ERR_CONNECTION_REFUSED @ http://localhost:3001/_next/image?url=https%3A%2F%2Fi1.sndcdn.com%2Fartworks-qFZhLVUnA5GYVvMC-xNMGQw-t3000x3000.jpg&w=384&q=100:0
[11423126ms] [ERROR] Failed to load resource: net::ERR_CONNECTION_REFUSED @ http://localhost:3001/_next/image?url=https%3A%2F%2Fi1.sndcdn.com%2Fartworks-oZ6GLPgzyfBIqD0v-NBE9rQ-t3000x3000.jpg&w=384&q=100:0
[11437122ms] [ERROR] Failed to load resource: net::ERR_CONNECTION_REFUSED @ http://localhost:3001/_next/image?url=https%3A%2F%2Fi1.sndcdn.com%2Fartworks-SomEWSX1kvFgw4LV-XH4zaQ-t3000x3000.jpg&w=384&q=100:0
[11444119ms] [ERROR] Failed to load resource: net::ERR_CONNECTION_REFUSED @ http://localhost:3001/_next/image?url=https%3A%2F%2Fthumbnailer.mixcloud.com%2Funsafe%2F2048x2048%2Fextaudio%2F8%2F6%2F0%2Fc%2F15fa-f023-4b03-bf3e-3c65db7742c0&w=384&q=100:0
[12437911ms] [ERROR] Failed to load resource: net::ERR_CONNECTION_REFUSED @ http://localhost:3001/_next/image?url=https%3A%2F%2Fi1.sndcdn.com%2Fartworks-1ho65iks3fsaazXs-yWRYAw-t3000x3000.jpg&w=384&q=100:0
[13368558ms] [ERROR] Failed to load resource: net::ERR_CONNECTION_REFUSED @ http://localhost:3001/_next/image?url=https%3A%2F%2Fthumbnailer.mixcloud.com%2Funsafe%2F2048x2048%2Fextaudio%2F0%2F8%2Ff%2Fb%2Fac8c-efa7-4b20-b2a7-9659390dbc2e&w=384&q=100:0
[13375571ms] [ERROR] Failed to load resource: net::ERR_CONNECTION_REFUSED @ http://localhost:3001/_next/image?url=https%3A%2F%2Fi1.sndcdn.com%2Fartworks-L89EZ1kH6b58dMC7-IMsphg-t3000x3000.jpg&w=384&q=100:0
[13382565ms] [ERROR] Failed to load resource: net::ERR_CONNECTION_REFUSED @ http://localhost:3001/_next/image?url=https%3A%2F%2Fi1.sndcdn.com%2Fartworks-qFZhLVUnA5GYVvMC-xNMGQw-t3000x3000.jpg&w=384&q=100:0
[13389568ms] [ERROR] Failed to load resource: net::ERR_CONNECTION_REFUSED @ http://localhost:3001/_next/image?url=https%3A%2F%2Fi1.sndcdn.com%2Fartworks-oZ6GLPgzyfBIqD0v-NBE9rQ-t3000x3000.jpg&w=384&q=100:0
[13403569ms] [ERROR] Failed to load resource: net::ERR_CONNECTION_REFUSED @ http://localhost:3001/_next/image?url=https%3A%2F%2Fi1.sndcdn.com%2Fartworks-SomEWSX1kvFgw4LV-XH4zaQ-t3000x3000.jpg&w=384&q=100:0
[13410575ms] [ERROR] Failed to load resource: net::ERR_CONNECTION_REFUSED @ http://localhost:3001/_next/image?url=https%3A%2F%2Fthumbnailer.mixcloud.com%2Funsafe%2F2048x2048%2Fextaudio%2F8%2F6%2F0%2Fc%2F15fa-f023-4b03-bf3e-3c65db7742c0&w=384&q=100:0
[13417570ms] [ERROR] Failed to load resource: net::ERR_CONNECTION_REFUSED @ http://localhost:3001/_next/image?url=https%3A%2F%2Fi1.sndcdn.com%2Fartworks-1ho65iks3fsaazXs-yWRYAw-t3000x3000.jpg&w=384&q=100:0
[13424578ms] [ERROR] Failed to load resource: net::ERR_CONNECTION_REFUSED @ http://localhost:3001/_next/image?url=https%3A%2F%2Fthumbnailer.mixcloud.com%2Funsafe%2F2048x2048%2Fextaudio%2F0%2F8%2Ff%2Fb%2Fac8c-efa7-4b20-b2a7-9659390dbc2e&w=384&q=100:0
[14469092ms] [ERROR] Failed to load resource: net::ERR_CONNECTION_REFUSED @ http://localhost:3001/_next/image?url=https%3A%2F%2Fi1.sndcdn.com%2Fartworks-L89EZ1kH6b58dMC7-IMsphg-t3000x3000.jpg&w=384&q=100:0
[15215777ms] [ERROR] Failed to load resource: net::ERR_CONNECTION_REFUSED @ http://localhost:3001/_next/image?url=https%3A%2F%2Fi1.sndcdn.com%2Fartworks-qFZhLVUnA5GYVvMC-xNMGQw-t3000x3000.jpg&w=384&q=100:0
[15222788ms] [ERROR] Failed to load resource: net::ERR_CONNECTION_REFUSED @ http://localhost:3001/_next/image?url=https%3A%2F%2Fi1.sndcdn.com%2Fartworks-oZ6GLPgzyfBIqD0v-NBE9rQ-t3000x3000.jpg&w=384&q=100:0
[15236787ms] [ERROR] Failed to load resource: net::ERR_CONNECTION_REFUSED @ http://localhost:3001/_next/image?url=https%3A%2F%2Fi1.sndcdn.com%2Fartworks-SomEWSX1kvFgw4LV-XH4zaQ-t3000x3000.jpg&w=384&q=100:0
[15243787ms] [ERROR] Failed to load resource: net::ERR_CONNECTION_REFUSED @ http://localhost:3001/_next/image?url=https%3A%2F%2Fthumbnailer.mixcloud.com%2Funsafe%2F2048x2048%2Fextaudio%2F8%2F6%2F0%2Fc%2F15fa-f023-4b03-bf3e-3c65db7742c0&w=384&q=100:0
[15250788ms] [ERROR] Failed to load resource: net::ERR_CONNECTION_REFUSED @ http://localhost:3001/_next/image?url=https%3A%2F%2Fi1.sndcdn.com%2Fartworks-1ho65iks3fsaazXs-yWRYAw-t3000x3000.jpg&w=384&q=100:0
[15257786ms] [ERROR] Failed to load resource: net::ERR_CONNECTION_REFUSED @ http://localhost:3001/_next/image?url=https%3A%2F%2Fthumbnailer.mixcloud.com%2Funsafe%2F2048x2048%2Fextaudio%2F0%2F8%2Ff%2Fb%2Fac8c-efa7-4b20-b2a7-9659390dbc2e&w=384&q=100:0
[16235558ms] [ERROR] Failed to load resource: net::ERR_CONNECTION_REFUSED @ http://localhost:3001/_next/image?url=https%3A%2F%2Fi1.sndcdn.com%2Fartworks-L89EZ1kH6b58dMC7-IMsphg-t3000x3000.jpg&w=384&q=100:0
[16242553ms] [ERROR] Failed to load resource: net::ERR_CONNECTION_REFUSED @ http://localhost:3001/_next/image?url=https%3A%2F%2Fi1.sndcdn.com%2Fartworks-qFZhLVUnA5GYVvMC-xNMGQw-t3000x3000.jpg&w=384&q=100:0
[16249550ms] [ERROR] Failed to load resource: net::ERR_CONNECTION_REFUSED @ http://localhost:3001/_next/image?url=https%3A%2F%2Fi1.sndcdn.com%2Fartworks-oZ6GLPgzyfBIqD0v-NBE9rQ-t3000x3000.jpg&w=384&q=100:0
[16263540ms] [ERROR] Failed to load resource: net::ERR_CONNECTION_REFUSED @ http://localhost:3001/_next/image?url=https%3A%2F%2Fi1.sndcdn.com%2Fartworks-SomEWSX1kvFgw4LV-XH4zaQ-t3000x3000.jpg&w=384&q=100:0
[16270545ms] [ERROR] Failed to load resource: net::ERR_CONNECTION_REFUSED @ http://localhost:3001/_next/image?url=https%3A%2F%2Fthumbnailer.mixcloud.com%2Funsafe%2F2048x2048%2Fextaudio%2F8%2F6%2F0%2Fc%2F15fa-f023-4b03-bf3e-3c65db7742c0&w=384&q=100:0
[16277544ms] [ERROR] Failed to load resource: net::ERR_CONNECTION_REFUSED @ http://localhost:3001/_next/image?url=https%3A%2F%2Fi1.sndcdn.com%2Fartworks-1ho65iks3fsaazXs-yWRYAw-t3000x3000.jpg&w=384&q=100:0
[16284536ms] [ERROR] Failed to load resource: net::ERR_CONNECTION_REFUSED @ http://localhost:3001/_next/image?url=https%3A%2F%2Fthumbnailer.mixcloud.com%2Funsafe%2F2048x2048%2Fextaudio%2F0%2F8%2Ff%2Fb%2Fac8c-efa7-4b20-b2a7-9659390dbc2e&w=384&q=100:0
[16291536ms] [ERROR] Failed to load resource: net::ERR_CONNECTION_REFUSED @ http://localhost:3001/_next/image?url=https%3A%2F%2Fi1.sndcdn.com%2Fartworks-L89EZ1kH6b58dMC7-IMsphg-t3000x3000.jpg&w=384&q=100:0
[16298545ms] [ERROR] Failed to load resource: net::ERR_CONNECTION_REFUSED @ http://localhost:3001/_next/image?url=https%3A%2F%2Fi1.sndcdn.com%2Fartworks-qFZhLVUnA5GYVvMC-xNMGQw-t3000x3000.jpg&w=384&q=100:0
[16305545ms] [ERROR] Failed to load resource: net::ERR_CONNECTION_REFUSED @ http://localhost:3001/_next/image?url=https%3A%2F%2Fi1.sndcdn.com%2Fartworks-oZ6GLPgzyfBIqD0v-NBE9rQ-t3000x3000.jpg&w=384&q=100:0
[16319544ms] [ERROR] Failed to load resource: net::ERR_CONNECTION_REFUSED @ http://localhost:3001/_next/image?url=https%3A%2F%2Fi1.sndcdn.com%2Fartworks-SomEWSX1kvFgw4LV-XH4zaQ-t3000x3000.jpg&w=384&q=100:0
[16326543ms] [ERROR] Failed to load resource: net::ERR_CONNECTION_REFUSED @ http://localhost:3001/_next/image?url=https%3A%2F%2Fthumbnailer.mixcloud.com%2Funsafe%2F2048x2048%2Fextaudio%2F8%2F6%2F0%2Fc%2F15fa-f023-4b03-bf3e-3c65db7742c0&w=384&q=100:0
[16333543ms] [ERROR] Failed to load resource: net::ERR_CONNECTION_REFUSED @ http://localhost:3001/_next/image?url=https%3A%2F%2Fi1.sndcdn.com%2Fartworks-1ho65iks3fsaazXs-yWRYAw-t3000x3000.jpg&w=384&q=100:0
[16340542ms] [ERROR] Failed to load resource: net::ERR_CONNECTION_REFUSED @ http://localhost:3001/_next/image?url=https%3A%2F%2Fthumbnailer.mixcloud.com%2Funsafe%2F2048x2048%2Fextaudio%2F0%2F8%2Ff%2Fb%2Fac8c-efa7-4b20-b2a7-9659390dbc2e&w=384&q=100:0
[16347543ms] [ERROR] Failed to load resource: net::ERR_CONNECTION_REFUSED @ http://localhost:3001/_next/image?url=https%3A%2F%2Fi1.sndcdn.com%2Fartworks-L89EZ1kH6b58dMC7-IMsphg-t3000x3000.jpg&w=384&q=100:0
[16354542ms] [ERROR] Failed to load resource: net::ERR_CONNECTION_REFUSED @ http://localhost:3001/_next/image?url=https%3A%2F%2Fi1.sndcdn.com%2Fartworks-qFZhLVUnA5GYVvMC-xNMGQw-t3000x3000.jpg&w=384&q=100:0
[16361544ms] [ERROR] Failed to load resource: net::ERR_CONNECTION_REFUSED @ http://localhost:3001/_next/image?url=https%3A%2F%2Fi1.sndcdn.com%2Fartworks-oZ6GLPgzyfBIqD0v-NBE9rQ-t3000x3000.jpg&w=384&q=100:0
[16375543ms] [ERROR] Failed to load resource: net::ERR_CONNECTION_REFUSED @ http://localhost:3001/_next/image?url=https%3A%2F%2Fi1.sndcdn.com%2Fartworks-SomEWSX1kvFgw4LV-XH4zaQ-t3000x3000.jpg&w=384&q=100:0
[16382544ms] [ERROR] Failed to load resource: net::ERR_CONNECTION_REFUSED @ http://localhost:3001/_next/image?url=https%3A%2F%2Fthumbnailer.mixcloud.com%2Funsafe%2F2048x2048%2Fextaudio%2F8%2F6%2F0%2Fc%2F15fa-f023-4b03-bf3e-3c65db7742c0&w=384&q=100:0
[16389542ms] [ERROR] Failed to load resource: net::ERR_CONNECTION_REFUSED @ http://localhost:3001/_next/image?url=https%3A%2F%2Fi1.sndcdn.com%2Fartworks-1ho65iks3fsaazXs-yWRYAw-t3000x3000.jpg&w=384&q=100:0
[16396542ms] [ERROR] Failed to load resource: net::ERR_CONNECTION_REFUSED @ http://localhost:3001/_next/image?url=https%3A%2F%2Fthumbnailer.mixcloud.com%2Funsafe%2F2048x2048%2Fextaudio%2F0%2F8%2Ff%2Fb%2Fac8c-efa7-4b20-b2a7-9659390dbc2e&w=384&q=100:0
[16403542ms] [ERROR] Failed to load resource: net::ERR_CONNECTION_REFUSED @ http://localhost:3001/_next/image?url=https%3A%2F%2Fi1.sndcdn.com%2Fartworks-L89EZ1kH6b58dMC7-IMsphg-t3000x3000.jpg&w=384&q=100:0
[16410543ms] [ERROR] Failed to load resource: net::ERR_CONNECTION_REFUSED @ http://localhost:3001/_next/image?url=https%3A%2F%2Fi1.sndcdn.com%2Fartworks-qFZhLVUnA5GYVvMC-xNMGQw-t3000x3000.jpg&w=384&q=100:0
[16417543ms] [ERROR] Failed to load resource: net::ERR_CONNECTION_REFUSED @ http://localhost:3001/_next/image?url=https%3A%2F%2Fi1.sndcdn.com%2Fartworks-oZ6GLPgzyfBIqD0v-NBE9rQ-t3000x3000.jpg&w=384&q=100:0
[16431544ms] [ERROR] Failed to load resource: net::ERR_CONNECTION_REFUSED @ http://localhost:3001/_next/image?url=https%3A%2F%2Fi1.sndcdn.com%2Fartworks-SomEWSX1kvFgw4LV-XH4zaQ-t3000x3000.jpg&w=384&q=100:0
[16438542ms] [ERROR] Failed to load resource: net::ERR_CONNECTION_REFUSED @ http://localhost:3001/_next/image?url=https%3A%2F%2Fthumbnailer.mixcloud.com%2Funsafe%2F2048x2048%2Fextaudio%2F8%2F6%2F0%2Fc%2F15fa-f023-4b03-bf3e-3c65db7742c0&w=384&q=100:0
[16445543ms] [ERROR] Failed to load resource: net::ERR_CONNECTION_REFUSED @ http://localhost:3001/_next/image?url=https%3A%2F%2Fi1.sndcdn.com%2Fartworks-1ho65iks3fsaazXs-yWRYAw-t3000x3000.jpg&w=384&q=100:0
[16452541ms] [ERROR] Failed to load resource: net::ERR_CONNECTION_REFUSED @ http://localhost:3001/_next/image?url=https%3A%2F%2Fthumbnailer.mixcloud.com%2Funsafe%2F2048x2048%2Fextaudio%2F0%2F8%2Ff%2Fb%2Fac8c-efa7-4b20-b2a7-9659390dbc2e&w=384&q=100:0
[16459542ms] [ERROR] Failed to load resource: net::ERR_CONNECTION_REFUSED @ http://localhost:3001/_next/image?url=https%3A%2F%2Fi1.sndcdn.com%2Fartworks-L89EZ1kH6b58dMC7-IMsphg-t3000x3000.jpg&w=384&q=100:0
[16466540ms] [ERROR] Failed to load resource: net::ERR_CONNECTION_REFUSED @ http://localhost:3001/_next/image?url=https%3A%2F%2Fi1.sndcdn.com%2Fartworks-qFZhLVUnA5GYVvMC-xNMGQw-t3000x3000.jpg&w=384&q=100:0
[16473542ms] [ERROR] Failed to load resource: net::ERR_CONNECTION_REFUSED @ http://localhost:3001/_next/image?url=https%3A%2F%2Fi1.sndcdn.com%2Fartworks-oZ6GLPgzyfBIqD0v-NBE9rQ-t3000x3000.jpg&w=384&q=100:0
[16487542ms] [ERROR] Failed to load resource: net::ERR_CONNECTION_REFUSED @ http://localhost:3001/_next/image?url=https%3A%2F%2Fi1.sndcdn.com%2Fartworks-SomEWSX1kvFgw4LV-XH4zaQ-t3000x3000.jpg&w=384&q=100:0
[16494542ms] [ERROR] Failed to load resource: net::ERR_CONNECTION_REFUSED @ http://localhost:3001/_next/image?url=https%3A%2F%2Fthumbnailer.mixcloud.com%2Funsafe%2F2048x2048%2Fextaudio%2F8%2F6%2F0%2Fc%2F15fa-f023-4b03-bf3e-3c65db7742c0&w=384&q=100:0
[16501541ms] [ERROR] Failed to load resource: net::ERR_CONNECTION_REFUSED @ http://localhost:3001/_next/image?url=https%3A%2F%2Fi1.sndcdn.com%2Fartworks-1ho65iks3fsaazXs-yWRYAw-t3000x3000.jpg&w=384&q=100:0
[16508541ms] [ERROR] Failed to load resource: net::ERR_CONNECTION_REFUSED @ http://localhost:3001/_next/image?url=https%3A%2F%2Fthumbnailer.mixcloud.com%2Funsafe%2F2048x2048%2Fextaudio%2F0%2F8%2Ff%2Fb%2Fac8c-efa7-4b20-b2a7-9659390dbc2e&w=384&q=100:0
[16515541ms] [ERROR] Failed to load resource: net::ERR_CONNECTION_REFUSED @ http://localhost:3001/_next/image?url=https%3A%2F%2Fi1.sndcdn.com%2Fartworks-L89EZ1kH6b58dMC7-IMsphg-t3000x3000.jpg&w=384&q=100:0
[16522540ms] [ERROR] Failed to load resource: net::ERR_CONNECTION_REFUSED @ http://localhost:3001/_next/image?url=https%3A%2F%2Fi1.sndcdn.com%2Fartworks-qFZhLVUnA5GYVvMC-xNMGQw-t3000x3000.jpg&w=384&q=100:0
[16529540ms] [ERROR] Failed to load resource: net::ERR_CONNECTION_REFUSED @ http://localhost:3001/_next/image?url=https%3A%2F%2Fi1.sndcdn.com%2Fartworks-oZ6GLPgzyfBIqD0v-NBE9rQ-t3000x3000.jpg&w=384&q=100:0
[16543543ms] [ERROR] Failed to load resource: net::ERR_CONNECTION_REFUSED @ http://localhost:3001/_next/image?url=https%3A%2F%2Fi1.sndcdn.com%2Fartworks-SomEWSX1kvFgw4LV-XH4zaQ-t3000x3000.jpg&w=384&q=100:0
[16550541ms] [ERROR] Failed to load resource: net::ERR_CONNECTION_REFUSED @ http://localhost:3001/_next/image?url=https%3A%2F%2Fthumbnailer.mixcloud.com%2Funsafe%2F2048x2048%2Fextaudio%2F8%2F6%2F0%2Fc%2F15fa-f023-4b03-bf3e-3c65db7742c0&w=384&q=100:0
[16557541ms] [ERROR] Failed to load resource: net::ERR_CONNECTION_REFUSED @ http://localhost:3001/_next/image?url=https%3A%2F%2Fi1.sndcdn.com%2Fartworks-1ho65iks3fsaazXs-yWRYAw-t3000x3000.jpg&w=384&q=100:0
[16564544ms] [ERROR] Failed to load resource: net::ERR_CONNECTION_REFUSED @ http://localhost:3001/_next/image?url=https%3A%2F%2Fthumbnailer.mixcloud.com%2Funsafe%2F2048x2048%2Fextaudio%2F0%2F8%2Ff%2Fb%2Fac8c-efa7-4b20-b2a7-9659390dbc2e&w=384&q=100:0
[16571541ms] [ERROR] Failed to load resource: net::ERR_CONNECTION_REFUSED @ http://localhost:3001/_next/image?url=https%3A%2F%2Fi1.sndcdn.com%2Fartworks-L89EZ1kH6b58dMC7-IMsphg-t3000x3000.jpg&w=384&q=100:0
[16578539ms] [ERROR] Failed to load resource: net::ERR_CONNECTION_REFUSED @ http://localhost:3001/_next/image?url=https%3A%2F%2Fi1.sndcdn.com%2Fartworks-qFZhLVUnA5GYVvMC-xNMGQw-t3000x3000.jpg&w=384&q=100:0
[16585538ms] [ERROR] Failed to load resource: net::ERR_CONNECTION_REFUSED @ http://localhost:3001/_next/image?url=https%3A%2F%2Fi1.sndcdn.com%2Fartworks-oZ6GLPgzyfBIqD0v-NBE9rQ-t3000x3000.jpg&w=384&q=100:0
[16599540ms] [ERROR] Failed to load resource: net::ERR_CONNECTION_REFUSED @ http://localhost:3001/_next/image?url=https%3A%2F%2Fi1.sndcdn.com%2Fartworks-SomEWSX1kvFgw4LV-XH4zaQ-t3000x3000.jpg&w=384&q=100:0
[16606541ms] [ERROR] Failed to load resource: net::ERR_CONNECTION_REFUSED @ http://localhost:3001/_next/image?url=https%3A%2F%2Fthumbnailer.mixcloud.com%2Funsafe%2F2048x2048%2Fextaudio%2F8%2F6%2F0%2Fc%2F15fa-f023-4b03-bf3e-3c65db7742c0&w=384&q=100:0
[16613540ms] [ERROR] Failed to load resource: net::ERR_CONNECTION_REFUSED @ http://localhost:3001/_next/image?url=https%3A%2F%2Fi1.sndcdn.com%2Fartworks-1ho65iks3fsaazXs-yWRYAw-t3000x3000.jpg&w=384&q=100:0
[16620541ms] [ERROR] Failed to load resource: net::ERR_CONNECTION_REFUSED @ http://localhost:3001/_next/image?url=https%3A%2F%2Fthumbnailer.mixcloud.com%2Funsafe%2F2048x2048%2Fextaudio%2F0%2F8%2Ff%2Fb%2Fac8c-efa7-4b20-b2a7-9659390dbc2e&w=384&q=100:0
[16627540ms] [ERROR] Failed to load resource: net::ERR_CONNECTION_REFUSED @ http://localhost:3001/_next/image?url=https%3A%2F%2Fi1.sndcdn.com%2Fartworks-L89EZ1kH6b58dMC7-IMsphg-t3000x3000.jpg&w=384&q=100:0
[16634540ms] [ERROR] Failed to load resource: net::ERR_CONNECTION_REFUSED @ http://localhost:3001/_next/image?url=https%3A%2F%2Fi1.sndcdn.com%2Fartworks-qFZhLVUnA5GYVvMC-xNMGQw-t3000x3000.jpg&w=384&q=100:0
[16641540ms] [ERROR] Failed to load resource: net::ERR_CONNECTION_REFUSED @ http://localhost:3001/_next/image?url=https%3A%2F%2Fi1.sndcdn.com%2Fartworks-oZ6GLPgzyfBIqD0v-NBE9rQ-t3000x3000.jpg&w=384&q=100:0
[16655538ms] [ERROR] Failed to load resource: net::ERR_CONNECTION_REFUSED @ http://localhost:3001/_next/image?url=https%3A%2F%2Fi1.sndcdn.com%2Fartworks-SomEWSX1kvFgw4LV-XH4zaQ-t3000x3000.jpg&w=384&q=100:0
[16662540ms] [ERROR] Failed to load resource: net::ERR_CONNECTION_REFUSED @ http://localhost:3001/_next/image?url=https%3A%2F%2Fthumbnailer.mixcloud.com%2Funsafe%2F2048x2048%2Fextaudio%2F8%2F6%2F0%2Fc%2F15fa-f023-4b03-bf3e-3c65db7742c0&w=384&q=100:0
[16669540ms] [ERROR] Failed to load resource: net::ERR_CONNECTION_REFUSED @ http://localhost:3001/_next/image?url=https%3A%2F%2Fi1.sndcdn.com%2Fartworks-1ho65iks3fsaazXs-yWRYAw-t3000x3000.jpg&w=384&q=100:0
[16676539ms] [ERROR] Failed to load resource: net::ERR_CONNECTION_REFUSED @ http://localhost:3001/_next/image?url=https%3A%2F%2Fthumbnailer.mixcloud.com%2Funsafe%2F2048x2048%2Fextaudio%2F0%2F8%2Ff%2Fb%2Fac8c-efa7-4b20-b2a7-9659390dbc2e&w=384&q=100:0
[16683541ms] [ERROR] Failed to load resource: net::ERR_CONNECTION_REFUSED @ http://localhost:3001/_next/image?url=https%3A%2F%2Fi1.sndcdn.com%2Fartworks-L89EZ1kH6b58dMC7-IMsphg-t3000x3000.jpg&w=384&q=100:0
[16690537ms] [ERROR] Failed to load resource: net::ERR_CONNECTION_REFUSED @ http://localhost:3001/_next/image?url=https%3A%2F%2Fi1.sndcdn.com%2Fartworks-qFZhLVUnA5GYVvMC-xNMGQw-t3000x3000.jpg&w=384&q=100:0
[16697539ms] [ERROR] Failed to load resource: net::ERR_CONNECTION_REFUSED @ http://localhost:3001/_next/image?url=https%3A%2F%2Fi1.sndcdn.com%2Fartworks-oZ6GLPgzyfBIqD0v-NBE9rQ-t3000x3000.jpg&w=384&q=100:0
[16711538ms] [ERROR] Failed to load resource: net::ERR_CONNECTION_REFUSED @ http://localhost:3001/_next/image?url=https%3A%2F%2Fi1.sndcdn.com%2Fartworks-SomEWSX1kvFgw4LV-XH4zaQ-t3000x3000.jpg&w=384&q=100:0
[16718539ms] [ERROR] Failed to load resource: net::ERR_CONNECTION_REFUSED @ http://localhost:3001/_next/image?url=https%3A%2F%2Fthumbnailer.mixcloud.com%2Funsafe%2F2048x2048%2Fextaudio%2F8%2F6%2F0%2Fc%2F15fa-f023-4b03-bf3e-3c65db7742c0&w=384&q=100:0
[16725540ms] [ERROR] Failed to load resource: net::ERR_CONNECTION_REFUSED @ http://localhost:3001/_next/image?url=https%3A%2F%2Fi1.sndcdn.com%2Fartworks-1ho65iks3fsaazXs-yWRYAw-t3000x3000.jpg&w=384&q=100:0
[16732539ms] [ERROR] Failed to load resource: net::ERR_CONNECTION_REFUSED @ http://localhost:3001/_next/image?url=https%3A%2F%2Fthumbnailer.mixcloud.com%2Funsafe%2F2048x2048%2Fextaudio%2F0%2F8%2Ff%2Fb%2Fac8c-efa7-4b20-b2a7-9659390dbc2e&w=384&q=100:0
[16739539ms] [ERROR] Failed to load resource: net::ERR_CONNECTION_REFUSED @ http://localhost:3001/_next/image?url=https%3A%2F%2Fi1.sndcdn.com%2Fartworks-L89EZ1kH6b58dMC7-IMsphg-t3000x3000.jpg&w=384&q=100:0
[16746539ms] [ERROR] Failed to load resource: net::ERR_CONNECTION_REFUSED @ http://localhost:3001/_next/image?url=https%3A%2F%2Fi1.sndcdn.com%2Fartworks-qFZhLVUnA5GYVvMC-xNMGQw-t3000x3000.jpg&w=384&q=100:0
[16753538ms] [ERROR] Failed to load resource: net::ERR_CONNECTION_REFUSED @ http://localhost:3001/_next/image?url=https%3A%2F%2Fi1.sndcdn.com%2Fartworks-oZ6GLPgzyfBIqD0v-NBE9rQ-t3000x3000.jpg&w=384&q=100:0
[16767538ms] [ERROR] Failed to load resource: net::ERR_CONNECTION_REFUSED @ http://localhost:3001/_next/image?url=https%3A%2F%2Fi1.sndcdn.com%2Fartworks-SomEWSX1kvFgw4LV-XH4zaQ-t3000x3000.jpg&w=384&q=100:0
[16774538ms] [ERROR] Failed to load resource: net::ERR_CONNECTION_REFUSED @ http://localhost:3001/_next/image?url=https%3A%2F%2Fthumbnailer.mixcloud.com%2Funsafe%2F2048x2048%2Fextaudio%2F8%2F6%2F0%2Fc%2F15fa-f023-4b03-bf3e-3c65db7742c0&w=384&q=100:0
[16781538ms] [ERROR] Failed to load resource: net::ERR_CONNECTION_REFUSED @ http://localhost:3001/_next/image?url=https%3A%2F%2Fi1.sndcdn.com%2Fartworks-1ho65iks3fsaazXs-yWRYAw-t3000x3000.jpg&w=384&q=100:0
[16788537ms] [ERROR] Failed to load resource: net::ERR_CONNECTION_REFUSED @ http://localhost:3001/_next/image?url=https%3A%2F%2Fthumbnailer.mixcloud.com%2Funsafe%2F2048x2048%2Fextaudio%2F0%2F8%2Ff%2Fb%2Fac8c-efa7-4b20-b2a7-9659390dbc2e&w=384&q=100:0
[16795539ms] [ERROR] Failed to load resource: net::ERR_CONNECTION_REFUSED @ http://localhost:3001/_next/image?url=https%3A%2F%2Fi1.sndcdn.com%2Fartworks-L89EZ1kH6b58dMC7-IMsphg-t3000x3000.jpg&w=384&q=100:0
[16802538ms] [ERROR] Failed to load resource: net::ERR_CONNECTION_REFUSED @ http://localhost:3001/_next/image?url=https%3A%2F%2Fi1.sndcdn.com%2Fartworks-qFZhLVUnA5GYVvMC-xNMGQw-t3000x3000.jpg&w=384&q=100:0
[16809536ms] [ERROR] Failed to load resource: net::ERR_CONNECTION_REFUSED @ http://localhost:3001/_next/image?url=https%3A%2F%2Fi1.sndcdn.com%2Fartworks-oZ6GLPgzyfBIqD0v-NBE9rQ-t3000x3000.jpg&w=384&q=100:0
[16823537ms] [ERROR] Failed to load resource: net::ERR_CONNECTION_REFUSED @ http://localhost:3001/_next/image?url=https%3A%2F%2Fi1.sndcdn.com%2Fartworks-SomEWSX1kvFgw4LV-XH4zaQ-t3000x3000.jpg&w=384&q=100:0
[16830537ms] [ERROR] Failed to load resource: net::ERR_CONNECTION_REFUSED @ http://localhost:3001/_next/image?url=https%3A%2F%2Fthumbnailer.mixcloud.com%2Funsafe%2F2048x2048%2Fextaudio%2F8%2F6%2F0%2Fc%2F15fa-f023-4b03-bf3e-3c65db7742c0&w=384&q=100:0
[16837538ms] [ERROR] Failed to load resource: net::ERR_CONNECTION_REFUSED @ http://localhost:3001/_next/image?url=https%3A%2F%2Fi1.sndcdn.com%2Fartworks-1ho65iks3fsaazXs-yWRYAw-t3000x3000.jpg&w=384&q=100:0
[16844538ms] [ERROR] Failed to load resource: net::ERR_CONNECTION_REFUSED @ http://localhost:3001/_next/image?url=https%3A%2F%2Fthumbnailer.mixcloud.com%2Funsafe%2F2048x2048%2Fextaudio%2F0%2F8%2Ff%2Fb%2Fac8c-efa7-4b20-b2a7-9659390dbc2e&w=384&q=100:0
[16851537ms] [ERROR] Failed to load resource: net::ERR_CONNECTION_REFUSED @ http://localhost:3001/_next/image?url=https%3A%2F%2Fi1.sndcdn.com%2Fartworks-L89EZ1kH6b58dMC7-IMsphg-t3000x3000.jpg&w=384&q=100:0
[16858538ms] [ERROR] Failed to load resource: net::ERR_CONNECTION_REFUSED @ http://localhost:3001/_next/image?url=https%3A%2F%2Fi1.sndcdn.com%2Fartworks-qFZhLVUnA5GYVvMC-xNMGQw-t3000x3000.jpg&w=384&q=100:0
[16865537ms] [ERROR] Failed to load resource: net::ERR_CONNECTION_REFUSED @ http://localhost:3001/_next/image?url=https%3A%2F%2Fi1.sndcdn.com%2Fartworks-oZ6GLPgzyfBIqD0v-NBE9rQ-t3000x3000.jpg&w=384&q=100:0
[16879537ms] [ERROR] Failed to load resource: net::ERR_CONNECTION_REFUSED @ http://localhost:3001/_next/image?url=https%3A%2F%2Fi1.sndcdn.com%2Fartworks-SomEWSX1kvFgw4LV-XH4zaQ-t3000x3000.jpg&w=384&q=100:0
[16886536ms] [ERROR] Failed to load resource: net::ERR_CONNECTION_REFUSED @ http://localhost:3001/_next/image?url=https%3A%2F%2Fthumbnailer.mixcloud.com%2Funsafe%2F2048x2048%2Fextaudio%2F8%2F6%2F0%2Fc%2F15fa-f023-4b03-bf3e-3c65db7742c0&w=384&q=100:0
[16893535ms] [ERROR] Failed to load resource: net::ERR_CONNECTION_REFUSED @ http://localhost:3001/_next/image?url=https%3A%2F%2Fi1.sndcdn.com%2Fartworks-1ho65iks3fsaazXs-yWRYAw-t3000x3000.jpg&w=384&q=100:0
[16900537ms] [ERROR] Failed to load resource: net::ERR_CONNECTION_REFUSED @ http://localhost:3001/_next/image?url=https%3A%2F%2Fthumbnailer.mixcloud.com%2Funsafe%2F2048x2048%2Fextaudio%2F0%2F8%2Ff%2Fb%2Fac8c-efa7-4b20-b2a7-9659390dbc2e&w=384&q=100:0
[16907537ms] [ERROR] Failed to load resource: net::ERR_CONNECTION_REFUSED @ http://localhost:3001/_next/image?url=https%3A%2F%2Fi1.sndcdn.com%2Fartworks-L89EZ1kH6b58dMC7-IMsphg-t3000x3000.jpg&w=384&q=100:0
[16914537ms] [ERROR] Failed to load resource: net::ERR_CONNECTION_REFUSED @ http://localhost:3001/_next/image?url=https%3A%2F%2Fi1.sndcdn.com%2Fartworks-qFZhLVUnA5GYVvMC-xNMGQw-t3000x3000.jpg&w=384&q=100:0
[16921536ms] [ERROR] Failed to load resource: net::ERR_CONNECTION_REFUSED @ http://localhost:3001/_next/image?url=https%3A%2F%2Fi1.sndcdn.com%2Fartworks-oZ6GLPgzyfBIqD0v-NBE9rQ-t3000x3000.jpg&w=384&q=100:0
[16935536ms] [ERROR] Failed to load resource: net::ERR_CONNECTION_REFUSED @ http://localhost:3001/_next/image?url=https%3A%2F%2Fi1.sndcdn.com%2Fartworks-SomEWSX1kvFgw4LV-XH4zaQ-t3000x3000.jpg&w=384&q=100:0
[16942534ms] [ERROR] Failed to load resource: net::ERR_CONNECTION_REFUSED @ http://localhost:3001/_next/image?url=https%3A%2F%2Fthumbnailer.mixcloud.com%2Funsafe%2F2048x2048%2Fextaudio%2F8%2F6%2F0%2Fc%2F15fa-f023-4b03-bf3e-3c65db7742c0&w=384&q=100:0
[16949536ms] [ERROR] Failed to load resource: net::ERR_CONNECTION_REFUSED @ http://localhost:3001/_next/image?url=https%3A%2F%2Fi1.sndcdn.com%2Fartworks-1ho65iks3fsaazXs-yWRYAw-t3000x3000.jpg&w=384&q=100:0
[16956537ms] [ERROR] Failed to load resource: net::ERR_CONNECTION_REFUSED @ http://localhost:3001/_next/image?url=https%3A%2F%2Fthumbnailer.mixcloud.com%2Funsafe%2F2048x2048%2Fextaudio%2F0%2F8%2Ff%2Fb%2Fac8c-efa7-4b20-b2a7-9659390dbc2e&w=384&q=100:0
[16963536ms] [ERROR] Failed to load resource: net::ERR_CONNECTION_REFUSED @ http://localhost:3001/_next/image?url=https%3A%2F%2Fi1.sndcdn.com%2Fartworks-L89EZ1kH6b58dMC7-IMsphg-t3000x3000.jpg&w=384&q=100:0
[16970537ms] [ERROR] Failed to load resource: net::ERR_CONNECTION_REFUSED @ http://localhost:3001/_next/image?url=https%3A%2F%2Fi1.sndcdn.com%2Fartworks-qFZhLVUnA5GYVvMC-xNMGQw-t3000x3000.jpg&w=384&q=100:0
[16977541ms] [ERROR] Failed to load resource: net::ERR_CONNECTION_REFUSED @ http://localhost:3001/_next/image?url=https%3A%2F%2Fi1.sndcdn.com%2Fartworks-oZ6GLPgzyfBIqD0v-NBE9rQ-t3000x3000.jpg&w=384&q=100:0
[16991535ms] [ERROR] Failed to load resource: net::ERR_CONNECTION_REFUSED @ http://localhost:3001/_next/image?url=https%3A%2F%2Fi1.sndcdn.com%2Fartworks-SomEWSX1kvFgw4LV-XH4zaQ-t3000x3000.jpg&w=384&q=100:0
[16998535ms] [ERROR] Failed to load resource: net::ERR_CONNECTION_REFUSED @ http://localhost:3001/_next/image?url=https%3A%2F%2Fthumbnailer.mixcloud.com%2Funsafe%2F2048x2048%2Fextaudio%2F8%2F6%2F0%2Fc%2F15fa-f023-4b03-bf3e-3c65db7742c0&w=384&q=100:0
[17005536ms] [ERROR] Failed to load resource: net::ERR_CONNECTION_REFUSED @ http://localhost:3001/_next/image?url=https%3A%2F%2Fi1.sndcdn.com%2Fartworks-1ho65iks3fsaazXs-yWRYAw-t3000x3000.jpg&w=384&q=100:0
[17012535ms] [ERROR] Failed to load resource: net::ERR_CONNECTION_REFUSED @ http://localhost:3001/_next/image?url=https%3A%2F%2Fthumbnailer.mixcloud.com%2Funsafe%2F2048x2048%2Fextaudio%2F0%2F8%2Ff%2Fb%2Fac8c-efa7-4b20-b2a7-9659390dbc2e&w=384&q=100:0
[17019534ms] [ERROR] Failed to load resource: net::ERR_CONNECTION_REFUSED @ http://localhost:3001/_next/image?url=https%3A%2F%2Fi1.sndcdn.com%2Fartworks-L89EZ1kH6b58dMC7-IMsphg-t3000x3000.jpg&w=384&q=100:0
[17026535ms] [ERROR] Failed to load resource: net::ERR_CONNECTION_REFUSED @ http://localhost:3001/_next/image?url=https%3A%2F%2Fi1.sndcdn.com%2Fartworks-qFZhLVUnA5GYVvMC-xNMGQw-t3000x3000.jpg&w=384&q=100:0
[17033533ms] [ERROR] Failed to load resource: net::ERR_CONNECTION_REFUSED @ http://localhost:3001/_next/image?url=https%3A%2F%2Fi1.sndcdn.com%2Fartworks-oZ6GLPgzyfBIqD0v-NBE9rQ-t3000x3000.jpg&w=384&q=100:0
[17047536ms] [ERROR] Failed to load resource: net::ERR_CONNECTION_REFUSED @ http://localhost:3001/_next/image?url=https%3A%2F%2Fi1.sndcdn.com%2Fartworks-SomEWSX1kvFgw4LV-XH4zaQ-t3000x3000.jpg&w=384&q=100:0
[17054534ms] [ERROR] Failed to load resource: net::ERR_CONNECTION_REFUSED @ http://localhost:3001/_next/image?url=https%3A%2F%2Fthumbnailer.mixcloud.com%2Funsafe%2F2048x2048%2Fextaudio%2F8%2F6%2F0%2Fc%2F15fa-f023-4b03-bf3e-3c65db7742c0&w=384&q=100:0
[17061534ms] [ERROR] Failed to load resource: net::ERR_CONNECTION_REFUSED @ http://localhost:3001/_next/image?url=https%3A%2F%2Fi1.sndcdn.com%2Fartworks-1ho65iks3fsaazXs-yWRYAw-t3000x3000.jpg&w=384&q=100:0
[17068533ms] [ERROR] Failed to load resource: net::ERR_CONNECTION_REFUSED @ http://localhost:3001/_next/image?url=https%3A%2F%2Fthumbnailer.mixcloud.com%2Funsafe%2F2048x2048%2Fextaudio%2F0%2F8%2Ff%2Fb%2Fac8c-efa7-4b20-b2a7-9659390dbc2e&w=384&q=100:0
[17075533ms] [ERROR] Failed to load resource: net::ERR_CONNECTION_REFUSED @ http://localhost:3001/_next/image?url=https%3A%2F%2Fi1.sndcdn.com%2Fartworks-L89EZ1kH6b58dMC7-IMsphg-t3000x3000.jpg&w=384&q=100:0
[17082535ms] [ERROR] Failed to load resource: net::ERR_CONNECTION_REFUSED @ http://localhost:3001/_next/image?url=https%3A%2F%2Fi1.sndcdn.com%2Fartworks-qFZhLVUnA5GYVvMC-xNMGQw-t3000x3000.jpg&w=384&q=100:0
[17089535ms] [ERROR] Failed to load resource: net::ERR_CONNECTION_REFUSED @ http://localhost:3001/_next/image?url=https%3A%2F%2Fi1.sndcdn.com%2Fartworks-oZ6GLPgzyfBIqD0v-NBE9rQ-t3000x3000.jpg&w=384&q=100:0
[17103536ms] [ERROR] Failed to load resource: net::ERR_CONNECTION_REFUSED @ http://localhost:3001/_next/image?url=https%3A%2F%2Fi1.sndcdn.com%2Fartworks-SomEWSX1kvFgw4LV-XH4zaQ-t3000x3000.jpg&w=384&q=100:0
[17110533ms] [ERROR] Failed to load resource: net::ERR_CONNECTION_REFUSED @ http://localhost:3001/_next/image?url=https%3A%2F%2Fthumbnailer.mixcloud.com%2Funsafe%2F2048x2048%2Fextaudio%2F8%2F6%2F0%2Fc%2F15fa-f023-4b03-bf3e-3c65db7742c0&w=384&q=100:0
[17117533ms] [ERROR] Failed to load resource: net::ERR_CONNECTION_REFUSED @ http://localhost:3001/_next/image?url=https%3A%2F%2Fi1.sndcdn.com%2Fartworks-1ho65iks3fsaazXs-yWRYAw-t3000x3000.jpg&w=384&q=100:0
[17124532ms] [ERROR] Failed to load resource: net::ERR_CONNECTION_REFUSED @ http://localhost:3001/_next/image?url=https%3A%2F%2Fthumbnailer.mixcloud.com%2Funsafe%2F2048x2048%2Fextaudio%2F0%2F8%2Ff%2Fb%2Fac8c-efa7-4b20-b2a7-9659390dbc2e&w=384&q=100:0
[17131533ms] [ERROR] Failed to load resource: net::ERR_CONNECTION_REFUSED @ http://localhost:3001/_next/image?url=https%3A%2F%2Fi1.sndcdn.com%2Fartworks-L89EZ1kH6b58dMC7-IMsphg-t3000x3000.jpg&w=384&q=100:0
[17138535ms] [ERROR] Failed to load resource: net::ERR_CONNECTION_REFUSED @ http://localhost:3001/_next/image?url=https%3A%2F%2Fi1.sndcdn.com%2Fartworks-qFZhLVUnA5GYVvMC-xNMGQw-t3000x3000.jpg&w=384&q=100:0
[17145533ms] [ERROR] Failed to load resource: net::ERR_CONNECTION_REFUSED @ http://localhost:3001/_next/image?url=https%3A%2F%2Fi1.sndcdn.com%2Fartworks-oZ6GLPgzyfBIqD0v-NBE9rQ-t3000x3000.jpg&w=384&q=100:0
[17159534ms] [ERROR] Failed to load resource: net::ERR_CONNECTION_REFUSED @ http://localhost:3001/_next/image?url=https%3A%2F%2Fi1.sndcdn.com%2Fartworks-SomEWSX1kvFgw4LV-XH4zaQ-t3000x3000.jpg&w=384&q=100:0
[17166533ms] [ERROR] Failed to load resource: net::ERR_CONNECTION_REFUSED @ http://localhost:3001/_next/image?url=https%3A%2F%2Fthumbnailer.mixcloud.com%2Funsafe%2F2048x2048%2Fextaudio%2F8%2F6%2F0%2Fc%2F15fa-f023-4b03-bf3e-3c65db7742c0&w=384&q=100:0
[17173532ms] [ERROR] Failed to load resource: net::ERR_CONNECTION_REFUSED @ http://localhost:3001/_next/image?url=https%3A%2F%2Fi1.sndcdn.com%2Fartworks-1ho65iks3fsaazXs-yWRYAw-t3000x3000.jpg&w=384&q=100:0
[17180531ms] [ERROR] Failed to load resource: net::ERR_CONNECTION_REFUSED @ http://localhost:3001/_next/image?url=https%3A%2F%2Fthumbnailer.mixcloud.com%2Funsafe%2F2048x2048%2Fextaudio%2F0%2F8%2Ff%2Fb%2Fac8c-efa7-4b20-b2a7-9659390dbc2e&w=384&q=100:0
[17187533ms] [ERROR] Failed to load resource: net::ERR_CONNECTION_REFUSED @ http://localhost:3001/_next/image?url=https%3A%2F%2Fi1.sndcdn.com%2Fartworks-L89EZ1kH6b58dMC7-IMsphg-t3000x3000.jpg&w=384&q=100:0
[17194532ms] [ERROR] Failed to load resource: net::ERR_CONNECTION_REFUSED @ http://localhost:3001/_next/image?url=https%3A%2F%2Fi1.sndcdn.com%2Fartworks-qFZhLVUnA5GYVvMC-xNMGQw-t3000x3000.jpg&w=384&q=100:0
[17201533ms] [ERROR] Failed to load resource: net::ERR_CONNECTION_REFUSED @ http://localhost:3001/_next/image?url=https%3A%2F%2Fi1.sndcdn.com%2Fartworks-oZ6GLPgzyfBIqD0v-NBE9rQ-t3000x3000.jpg&w=384&q=100:0
[17215534ms] [ERROR] Failed to load resource: net::ERR_CONNECTION_REFUSED @ http://localhost:3001/_next/image?url=https%3A%2F%2Fi1.sndcdn.com%2Fartworks-SomEWSX1kvFgw4LV-XH4zaQ-t3000x3000.jpg&w=384&q=100:0
[17222533ms] [ERROR] Failed to load resource: net::ERR_CONNECTION_REFUSED @ http://localhost:3001/_next/image?url=https%3A%2F%2Fthumbnailer.mixcloud.com%2Funsafe%2F2048x2048%2Fextaudio%2F8%2F6%2F0%2Fc%2F15fa-f023-4b03-bf3e-3c65db7742c0&w=384&q=100:0
[17229534ms] [ERROR] Failed to load resource: net::ERR_CONNECTION_REFUSED @ http://localhost:3001/_next/image?url=https%3A%2F%2Fi1.sndcdn.com%2Fartworks-1ho65iks3fsaazXs-yWRYAw-t3000x3000.jpg&w=384&q=100:0
[17236532ms] [ERROR] Failed to load resource: net::ERR_CONNECTION_REFUSED @ http://localhost:3001/_next/image?url=https%3A%2F%2Fthumbnailer.mixcloud.com%2Funsafe%2F2048x2048%2Fextaudio%2F0%2F8%2Ff%2Fb%2Fac8c-efa7-4b20-b2a7-9659390dbc2e&w=384&q=100:0
[17243532ms] [ERROR] Failed to load resource: net::ERR_CONNECTION_REFUSED @ http://localhost:3001/_next/image?url=https%3A%2F%2Fi1.sndcdn.com%2Fartworks-L89EZ1kH6b58dMC7-IMsphg-t3000x3000.jpg&w=384&q=100:0
[17250531ms] [ERROR] Failed to load resource: net::ERR_CONNECTION_REFUSED @ http://localhost:3001/_next/image?url=https%3A%2F%2Fi1.sndcdn.com%2Fartworks-qFZhLVUnA5GYVvMC-xNMGQw-t3000x3000.jpg&w=384&q=100:0
[17257533ms] [ERROR] Failed to load resource: net::ERR_CONNECTION_REFUSED @ http://localhost:3001/_next/image?url=https%3A%2F%2Fi1.sndcdn.com%2Fartworks-oZ6GLPgzyfBIqD0v-NBE9rQ-t3000x3000.jpg&w=384&q=100:0
[17271532ms] [ERROR] Failed to load resource: net::ERR_CONNECTION_REFUSED @ http://localhost:3001/_next/image?url=https%3A%2F%2Fi1.sndcdn.com%2Fartworks-SomEWSX1kvFgw4LV-XH4zaQ-t3000x3000.jpg&w=384&q=100:0
[17278534ms] [ERROR] Failed to load resource: net::ERR_CONNECTION_REFUSED @ http://localhost:3001/_next/image?url=https%3A%2F%2Fthumbnailer.mixcloud.com%2Funsafe%2F2048x2048%2Fextaudio%2F8%2F6%2F0%2Fc%2F15fa-f023-4b03-bf3e-3c65db7742c0&w=384&q=100:0
[17285550ms] [ERROR] Failed to load resource: net::ERR_CONNECTION_REFUSED @ http://localhost:3001/_next/image?url=https%3A%2F%2Fi1.sndcdn.com%2Fartworks-1ho65iks3fsaazXs-yWRYAw-t3000x3000.jpg&w=384&q=100:0
[17292537ms] [ERROR] Failed to load resource: net::ERR_CONNECTION_REFUSED @ http://localhost:3001/_next/image?url=https%3A%2F%2Fthumbnailer.mixcloud.com%2Funsafe%2F2048x2048%2Fextaudio%2F0%2F8%2Ff%2Fb%2Fac8c-efa7-4b20-b2a7-9659390dbc2e&w=384&q=100:0
[17299532ms] [ERROR] Failed to load resource: net::ERR_CONNECTION_REFUSED @ http://localhost:3001/_next/image?url=https%3A%2F%2Fi1.sndcdn.com%2Fartworks-L89EZ1kH6b58dMC7-IMsphg-t3000x3000.jpg&w=384&q=100:0
[17306531ms] [ERROR] Failed to load resource: net::ERR_CONNECTION_REFUSED @ http://localhost:3001/_next/image?url=https%3A%2F%2Fi1.sndcdn.com%2Fartworks-qFZhLVUnA5GYVvMC-xNMGQw-t3000x3000.jpg&w=384&q=100:0
[17313532ms] [ERROR] Failed to load resource: net::ERR_CONNECTION_REFUSED @ http://localhost:3001/_next/image?url=https%3A%2F%2Fi1.sndcdn.com%2Fartworks-oZ6GLPgzyfBIqD0v-NBE9rQ-t3000x3000.jpg&w=384&q=100:0
[17327532ms] [ERROR] Failed to load resource: net::ERR_CONNECTION_REFUSED @ http://localhost:3001/_next/image?url=https%3A%2F%2Fi1.sndcdn.com%2Fartworks-SomEWSX1kvFgw4LV-XH4zaQ-t3000x3000.jpg&w=384&q=100:0
[17334532ms] [ERROR] Failed to load resource: net::ERR_CONNECTION_REFUSED @ http://localhost:3001/_next/image?url=https%3A%2F%2Fthumbnailer.mixcloud.com%2Funsafe%2F2048x2048%2Fextaudio%2F8%2F6%2F0%2Fc%2F15fa-f023-4b03-bf3e-3c65db7742c0&w=384&q=100:0
[17341541ms] [ERROR] Failed to load resource: net::ERR_CONNECTION_REFUSED @ http://localhost:3001/_next/image?url=https%3A%2F%2Fi1.sndcdn.com%2Fartworks-1ho65iks3fsaazXs-yWRYAw-t3000x3000.jpg&w=384&q=100:0
[17348530ms] [ERROR] Failed to load resource: net::ERR_CONNECTION_REFUSED @ http://localhost:3001/_next/image?url=https%3A%2F%2Fthumbnailer.mixcloud.com%2Funsafe%2F2048x2048%2Fextaudio%2F0%2F8%2Ff%2Fb%2Fac8c-efa7-4b20-b2a7-9659390dbc2e&w=384&q=100:0
[17355530ms] [ERROR] Failed to load resource: net::ERR_CONNECTION_REFUSED @ http://localhost:3001/_next/image?url=https%3A%2F%2Fi1.sndcdn.com%2Fartworks-L89EZ1kH6b58dMC7-IMsphg-t3000x3000.jpg&w=384&q=100:0
[17362530ms] [ERROR] Failed to load resource: net::ERR_CONNECTION_REFUSED @ http://localhost:3001/_next/image?url=https%3A%2F%2Fi1.sndcdn.com%2Fartworks-qFZhLVUnA5GYVvMC-xNMGQw-t3000x3000.jpg&w=384&q=100:0
[17369530ms] [ERROR] Failed to load resource: net::ERR_CONNECTION_REFUSED @ http://localhost:3001/_next/image?url=https%3A%2F%2Fi1.sndcdn.com%2Fartworks-oZ6GLPgzyfBIqD0v-NBE9rQ-t3000x3000.jpg&w=384&q=100:0
[17383532ms] [ERROR] Failed to load resource: net::ERR_CONNECTION_REFUSED @ http://localhost:3001/_next/image?url=https%3A%2F%2Fi1.sndcdn.com%2Fartworks-SomEWSX1kvFgw4LV-XH4zaQ-t3000x3000.jpg&w=384&q=100:0
[17390531ms] [ERROR] Failed to load resource: net::ERR_CONNECTION_REFUSED @ http://localhost:3001/_next/image?url=https%3A%2F%2Fthumbnailer.mixcloud.com%2Funsafe%2F2048x2048%2Fextaudio%2F8%2F6%2F0%2Fc%2F15fa-f023-4b03-bf3e-3c65db7742c0&w=384&q=100:0
[17397531ms] [ERROR] Failed to load resource: net::ERR_CONNECTION_REFUSED @ http://localhost:3001/_next/image?url=https%3A%2F%2Fi1.sndcdn.com%2Fartworks-1ho65iks3fsaazXs-yWRYAw-t3000x3000.jpg&w=384&q=100:0
[17404532ms] [ERROR] Failed to load resource: net::ERR_CONNECTION_REFUSED @ http://localhost:3001/_next/image?url=https%3A%2F%2Fthumbnailer.mixcloud.com%2Funsafe%2F2048x2048%2Fextaudio%2F0%2F8%2Ff%2Fb%2Fac8c-efa7-4b20-b2a7-9659390dbc2e&w=384&q=100:0
[17411528ms] [ERROR] Failed to load resource: net::ERR_CONNECTION_REFUSED @ http://localhost:3001/_next/image?url=https%3A%2F%2Fi1.sndcdn.com%2Fartworks-L89EZ1kH6b58dMC7-IMsphg-t3000x3000.jpg&w=384&q=100:0
[17418530ms] [ERROR] Failed to load resource: net::ERR_CONNECTION_REFUSED @ http://localhost:3001/_next/image?url=https%3A%2F%2Fi1.sndcdn.com%2Fartworks-qFZhLVUnA5GYVvMC-xNMGQw-t3000x3000.jpg&w=384&q=100:0
[17425529ms] [ERROR] Failed to load resource: net::ERR_CONNECTION_REFUSED @ http://localhost:3001/_next/image?url=https%3A%2F%2Fi1.sndcdn.com%2Fartworks-oZ6GLPgzyfBIqD0v-NBE9rQ-t3000x3000.jpg&w=384&q=100:0
[17439531ms] [ERROR] Failed to load resource: net::ERR_CONNECTION_REFUSED @ http://localhost:3001/_next/image?url=https%3A%2F%2Fi1.sndcdn.com%2Fartworks-SomEWSX1kvFgw4LV-XH4zaQ-t3000x3000.jpg&w=384&q=100:0
[17446530ms] [ERROR] Failed to load resource: net::ERR_CONNECTION_REFUSED @ http://localhost:3001/_next/image?url=https%3A%2F%2Fthumbnailer.mixcloud.com%2Funsafe%2F2048x2048%2Fextaudio%2F8%2F6%2F0%2Fc%2F15fa-f023-4b03-bf3e-3c65db7742c0&w=384&q=100:0
[17453531ms] [ERROR] Failed to load resource: net::ERR_CONNECTION_REFUSED @ http://localhost:3001/_next/image?url=https%3A%2F%2Fi1.sndcdn.com%2Fartworks-1ho65iks3fsaazXs-yWRYAw-t3000x3000.jpg&w=384&q=100:0
[17460530ms] [ERROR] Failed to load resource: net::ERR_CONNECTION_REFUSED @ http://localhost:3001/_next/image?url=https%3A%2F%2Fthumbnailer.mixcloud.com%2Funsafe%2F2048x2048%2Fextaudio%2F0%2F8%2Ff%2Fb%2Fac8c-efa7-4b20-b2a7-9659390dbc2e&w=384&q=100:0
[17467530ms] [ERROR] Failed to load resource: net::ERR_CONNECTION_REFUSED @ http://localhost:3001/_next/image?url=https%3A%2F%2Fi1.sndcdn.com%2Fartworks-L89EZ1kH6b58dMC7-IMsphg-t3000x3000.jpg&w=384&q=100:0
[17474528ms] [ERROR] Failed to load resource: net::ERR_CONNECTION_REFUSED @ http://localhost:3001/_next/image?url=https%3A%2F%2Fi1.sndcdn.com%2Fartworks-qFZhLVUnA5GYVvMC-xNMGQw-t3000x3000.jpg&w=384&q=100:0
[17481528ms] [ERROR] Failed to load resource: net::ERR_CONNECTION_REFUSED @ http://localhost:3001/_next/image?url=https%3A%2F%2Fi1.sndcdn.com%2Fartworks-oZ6GLPgzyfBIqD0v-NBE9rQ-t3000x3000.jpg&w=384&q=100:0
[17495528ms] [ERROR] Failed to load resource: net::ERR_CONNECTION_REFUSED @ http://localhost:3001/_next/image?url=https%3A%2F%2Fi1.sndcdn.com%2Fartworks-SomEWSX1kvFgw4LV-XH4zaQ-t3000x3000.jpg&w=384&q=100:0
[17502530ms] [ERROR] Failed to load resource: net::ERR_CONNECTION_REFUSED @ http://localhost:3001/_next/image?url=https%3A%2F%2Fthumbnailer.mixcloud.com%2Funsafe%2F2048x2048%2Fextaudio%2F8%2F6%2F0%2Fc%2F15fa-f023-4b03-bf3e-3c65db7742c0&w=384&q=100:0
[17509531ms] [ERROR] Failed to load resource: net::ERR_CONNECTION_REFUSED @ http://localhost:3001/_next/image?url=https%3A%2F%2Fi1.sndcdn.com%2Fartworks-1ho65iks3fsaazXs-yWRYAw-t3000x3000.jpg&w=384&q=100:0
[17516530ms] [ERROR] Failed to load resource: net::ERR_CONNECTION_REFUSED @ http://localhost:3001/_next/image?url=https%3A%2F%2Fthumbnailer.mixcloud.com%2Funsafe%2F2048x2048%2Fextaudio%2F0%2F8%2Ff%2Fb%2Fac8c-efa7-4b20-b2a7-9659390dbc2e&w=384&q=100:0
[17523530ms] [ERROR] Failed to load resource: net::ERR_CONNECTION_REFUSED @ http://localhost:3001/_next/image?url=https%3A%2F%2Fi1.sndcdn.com%2Fartworks-L89EZ1kH6b58dMC7-IMsphg-t3000x3000.jpg&w=384&q=100:0
[17530528ms] [ERROR] Failed to load resource: net::ERR_CONNECTION_REFUSED @ http://localhost:3001/_next/image?url=https%3A%2F%2Fi1.sndcdn.com%2Fartworks-qFZhLVUnA5GYVvMC-xNMGQw-t3000x3000.jpg&w=384&q=100:0
[17537527ms] [ERROR] Failed to load resource: net::ERR_CONNECTION_REFUSED @ http://localhost:3001/_next/image?url=https%3A%2F%2Fi1.sndcdn.com%2Fartworks-oZ6GLPgzyfBIqD0v-NBE9rQ-t3000x3000.jpg&w=384&q=100:0
[17551528ms] [ERROR] Failed to load resource: net::ERR_CONNECTION_REFUSED @ http://localhost:3001/_next/image?url=https%3A%2F%2Fi1.sndcdn.com%2Fartworks-SomEWSX1kvFgw4LV-XH4zaQ-t3000x3000.jpg&w=384&q=100:0
[17558529ms] [ERROR] Failed to load resource: net::ERR_CONNECTION_REFUSED @ http://localhost:3001/_next/image?url=https%3A%2F%2Fthumbnailer.mixcloud.com%2Funsafe%2F2048x2048%2Fextaudio%2F8%2F6%2F0%2Fc%2F15fa-f023-4b03-bf3e-3c65db7742c0&w=384&q=100:0
